image_id,label
fd343552326b42c5a62c192f32549dc7.jpg,2
445ca69812cf44f581cc8a89223af277.jpg,7
570626ce4d8f41edb8088f49d40a2195.jpg,7
02d4acba92f343d798adcb4958fe684b.jpg,11
2d4b8e8f38534a39b0d02c440e917b83.jpg,12
0d4bcdc830bb4c2cbe31325a46dd3096.jpg,10
5e1eab9a949f4408a41e1464b1421494.jpg,5
f678b9fe0bf34de2b9030ab53d9f373a.jpg,5
f286ed27ee9c47c686faba0139d89cf9.jpg,7
7d8f58aa3c7141adae11aae2699a8f00.jpg,5
cf8d8a86752c4a20b23d633321876734.jpg,7
1a8817374fa64fab849af4464112d9c2.jpg,9
d7e84efc4f7f4e72bbc3723716c3a03e.jpg,7
cd5ec0bf870c46f1a757e6e0d19eddeb.jpg,1
d30d12bdc097494c8ed49f78657b0d6e.jpg,4
4060d39dda6b44da8529647cfa2ebffa.jpg,7
6e6deb2718c54ec9b87234107d884280.jpg,5
f91c762b772c46df9ba07805ed4d2487.jpg,11
a8ffa5d3c15649e3ab3fed2382b67f16.jpg,12
74088d5db2f74b47a118dcfb2ff028fd.jpg,5
cbc5d31452cc4f2a97bce47357cfc4df.jpg,14
2cc415ff858e4f3bb7393dcadc02412a.jpg,11
9775b118e5f3454c9ecb80ba3cc73148.jpg,1
bd80a8be0bbc46bfa80eebd2b91b8d22.jpg,7
9f9545c7f7f948029a8f1bd017dc86b0.jpg,11
33b8ea6a450e49cda9d589fb77e4acac.jpg,10
518977a436db43e981fe5919f3eb4aa0.jpg,2
d6e960d781394c2b8197a8cfd38c0dc7.jpg,9
49e101f6843b437d89557542247ef541.jpg,11
ccfc290c91b4477ca098d1eea989a871.jpg,2
2b3bf42fb34e4f7b848a0f44ab47abef.jpg,1
b35e8147bf3a4eebb11595e2cf03d3c7.jpg,0
1c42199b979a420ab425de5386faaec0.jpg,10
39b4e487bdab4684a932b18ec9c89de7.jpg,8
80ce4363c9054648a9ef048bfa98b5ec.jpg,0
c3fa85a4b10a4bf291b27cdcf89082bb.jpg,7
f13f7839734c486da052dc400f733324.jpg,14
cdba5aa12b8c4062a50771aed3012596.jpg,1
012a882ee76944bfb048b4d8eb8cfc4a.jpg,0
80e58df84c8e4c089632eea87a398398.jpg,11
598dbc1a4225404c880f291e32275267.jpg,5
18c57b44675b40bda7cae16067a24811.jpg,1
ae1b50552d92496a9813bfa7ce3adc31.jpg,9
570cdab8de7f44c9ab85d004cdb2ffdb.jpg,12
98bb4e4efa8c455a81bf63643d77b915.jpg,5
7dab2f4c66cf4139afe1d542e787c310.jpg,0
d174ed3d1889469dbe5293ee20623013.jpg,13
494d8eaf19774675ba80a40be877795b.jpg,8
278fec81950643738aef426894e30d17.jpg,8
516bbe3d21724825b8120c6036d65612.jpg,11
90059f86894e40b682ff655839613cb0.jpg,8
77f170b8f504488dbcca363e94ef8de5.jpg,13
adbb9122ee5f4b3a9dfd0c008660be41.jpg,7
25d8639f0a57494c98e786b37d208b1f.jpg,12
b008d084ea104a18942865aa42473337.jpg,10
88b28033931247d5931b1aeb5f20caa6.jpg,13
e733d84a97574164a89d6367cfeb56c2.jpg,2
e08b565e979d441b8bd43a70cb8e685f.jpg,5
d66a893cd6164e8bb9991f48c488eb0e.jpg,14
bc1b6e77bbc346b8aa3a08f1addd8f00.jpg,12
885fb5538a2d413d97fd271ac6a26ab5.jpg,10
4958f32009594da391cbd9ef4b714605.jpg,10
aedd068fec76487d869661b7cd549b70.jpg,4
f6f6c96831d949cfb3e37149a82c0e08.jpg,0
544d0d72f1f5497c87ea160adde0c796.jpg,13
2a8a94be1e6744e3bd4f0d2917306322.jpg,0
2a78e7389eba4752a85d969e10db8e70.jpg,5
2ac0bfe18ec347ec9cd11f2a2e85b1eb.jpg,2
92ad73912be24995a32e7e0c160e3e47.jpg,5
f7501d2df3c74017aa12e5bff4bdfd10.jpg,0
f58b49cc5a70468e800de054afa24dea.jpg,2
e9e8681dabb74297983ee1afec99b8e4.jpg,13
b41de7dbcc3e48d2b14be8bf0138241b.jpg,12
335752fc0ba14e18bebafb1a6372a513.jpg,2
220aef60a19d4bb5891739d1d1107502.jpg,11
d4d651943de64b5a8601a2f470b0eec7.jpg,12
069f2ef9108c4eb694299697702560a3.jpg,9
f9e3f2d99bf44d829ed905a04a13c125.jpg,5
651bb92e554448589656ce4ed4ef577e.jpg,8
6f5e732026264a8aa1bae2c36d70bed7.jpg,0
bc9c97c5a7e24b0590f724592056fdc0.jpg,0
f6286f84ba704441a2eb68bc979e9b03.jpg,5
5c491c2cb95e4962afc5073a27db5466.jpg,10
a69724f8c8bb40689b0b451d8e2f9273.jpg,7
1c5b258521ca48fbaaa34c5fe5ff98f6.jpg,10
b1ebc664653e4ff387deb49ee4278265.jpg,7
004a66980d7a43ac8d0a61e22941c032.jpg,1
0986a4d2e78f4a9a90606913f94e6d3a.jpg,1
91920622f9a74bf2bd0df202410438b2.jpg,11
0fd459abb0e9434c92eeaeb117b721bf.jpg,3
c85c447de26245efbd60fdff9ce08a05.jpg,14
d8e9487513734cdc8c3ac963ee8b1eba.jpg,12
1ab86a96f34146e597e0d55132f5d298.jpg,9
8696b79853b44f2da7fdd0fcdf49279b.jpg,1
292eb002a93144fc8cec830fc07b4d4f.jpg,8
fd70d1abb99a4fa3ae465727384eaae9.jpg,14
0965d3a209b947e0a29597b047dcb2c4.jpg,10
a30c8db2d43a43ec84eefb6896dfd9e7.jpg,0
15542219eb22439ab756448f6ef94fe7.jpg,7
1e347ae58481412ea277376a7db28e42.jpg,12
1cd31f48c8684ac096bf365a2907b91e.jpg,12
0cf3107613f44513a2eff27fad23ca80.jpg,8
235e7b063c67419db2b0f8c1aba9a28d.jpg,2
34c742f6bbe8436ba2ac6228ea363eb1.jpg,0
1af9b06bcc6e4acdaeaa334c1523da45.jpg,0
40eead9e223a4e9f9fc9cd1f576cdecb.jpg,12
6bab059181e24179a5c897941dbf72f4.jpg,7
b5b2ad93336949a1930be50aface158c.jpg,1
eaa8f401a3374c7da0ecb6b3a041eaaf.jpg,4
8981f882fb0e47778a9f865ec28ebebf.jpg,13
a9135d8311224a30b2b044b4e011d723.jpg,1
09c70b6564ee4974826aaa79c56826ed.jpg,3
46e485611a1148fca5408e27241df21b.jpg,6
744ec7941b414047972786e163487a92.jpg,10
cf785a777d8f428b8b224f8e40b71c71.jpg,13
39ded58e40914a66acfaa01e48d2bcf1.jpg,6
f2223bba6bfe493aa76e850c732e1eeb.jpg,4
94ef13c12545498c921be55f6595ce11.jpg,7
3096a12103ab4498b99d31fd88b55947.jpg,8
821f74b114f749b4b72adc214feb2088.jpg,5
3856a8fa4fde41c8af0457d78fa4dbbc.jpg,0
6f045fa0e482462d8e35f43062dd2a52.jpg,11
8b47352f86e44be7b79ccbe3da6d6f46.jpg,5
ce769cba0d674898923d2dfddf389ef7.jpg,2
c64bfa44667546f5bc83eda57daaf232.jpg,1
4094dda6aaf747f5b4806bb316eb8f9d.jpg,13
d5a76d3c75fb423e80cf96613ca1ba26.jpg,1
038e3cc5bfcb473ca79bde1c2fce99fc.jpg,10
5b4f3078d9b14d9cb132579f9368bfa4.jpg,10
a4c8ff0f887e48d78991f03b9ce63d46.jpg,1
c15edc69968c49c5a3d7a48c2d0f0f9b.jpg,9
c8419a223ca0461594bebbdbe502cf66.jpg,11
332b3ec3b1f3436a8e3f980041443562.jpg,0
0a4e579f3cac4a4eb8b791ec9220278e.jpg,7
894fc97265be4586abe3f912c1f8c2fa.jpg,7
b0bcfd4269ed454b8b8e07c0c482a92d.jpg,10
aa4eff36ae634abcb5be5744762d41ad.jpg,1
fb48251859524fe9a1770480b71340b2.jpg,13
45237a0033b944bfa0bee3f6b19838a0.jpg,10
683e5c94a2444d279adab2dfaa7bf230.jpg,4
e9b5ae974b45467288ea5a019197fd5d.jpg,2
d706f926c48b47988d14e68fcf3673c0.jpg,10
fa404e9cd98f495eb1a2ebf0655124d4.jpg,10
0bae7f1291664b5892640e23129ae058.jpg,1
131f0d3c58324f869b67d2cf71e5a50b.jpg,10
db2a40c9e38744a8813b5013e9dce90a.jpg,0
e8ab4aa10e204db4b009afa507fd56e6.jpg,13
3abd59d70d13435787714b280705c133.jpg,5
163b697b0275444c9132f7dc67254bd5.jpg,0
32b303bbbbb64708b097511920fe77ed.jpg,8
8eb07d7622aa4e518c262da189bbd244.jpg,14
6319de5777184c9daf6fb0a6c2ae5df1.jpg,10
64f47ef98f244739a1aae5d97dc61e2b.jpg,14
5838f51c92de4a8dba90b8caadc934a1.jpg,13
c13e58d0b0b340a0bf9d000184b0781d.jpg,13
aabf36170c2e45a69b361cf7bf2d8722.jpg,4
0b64f60be7f64c0eabc3b24e96b9682e.jpg,13
6430eb220e8b45be9ea80043f2b10954.jpg,1
05f8235bcafb489eba27f13ab9f82fb5.jpg,4
06774cb5d6074e08a271d354bdb6cdfd.jpg,4
072b3f6e8bd346d0b7bf6faa58f87154.jpg,1
5f6909f5b3804fe2a22501297120f44e.jpg,5
9c49710da4a64049b65b3184bdffcaf0.jpg,13
55ca5d0bcb9e48ea959714bedf97d002.jpg,0
ddb380327c834663b688f036d0f413c4.jpg,9
e8ea2c1efd724e829dd1ac80895b76ea.jpg,13
e40908062d5f45e3a0433b7f4d634371.jpg,0
596d97ff24204bcf931f03658680bf97.jpg,13
378fe6714f8448398f5a9f9c9b4fc223.jpg,5
b05045dee91543a6800664d73ed91598.jpg,14
79f443446dc541cb88143ef9fbf30540.jpg,11
3da1a626e6ae4ad1b876e1c8a4c6aee4.jpg,12
3e4524ec63a14e5380e4e1514684e937.jpg,9
31251630fa0943d489f967bdc54fc595.jpg,9
b3535470cee54600a27e97dd0786b946.jpg,4
aca870a44d574b138e829d14c54e2d0b.jpg,0
f1a3727d5fa64f439919f0ea56c35634.jpg,13
bd25435c6f29456ea66cddb27c5a66a1.jpg,13
bd65517a2ad64ffcb539a23a22811bd5.jpg,0
8c3e95d7e0de4e62b9255874b92d40b5.jpg,8
51a46609156c411f9cea582a63784c55.jpg,12
265c20cc0715406f87a0b3f8dc134a01.jpg,7
4377388d16fc448ebba1852fd8541353.jpg,7
84c33019e13a45539eb5a7a11a6af81b.jpg,1
6f6e249d56d74a15bb85375e3cb74fe7.jpg,10
e9cebf2f6e0a4692a6ab482a0baaf2e6.jpg,13
8d2cda3655a243b1a8d1e32228600c64.jpg,5
c6a700977105418abff2479e010314b9.jpg,1
cea5a724fe294c38bb9ccda8f61694ae.jpg,1
4f697d4e242c4f40a04c011f1fcd40a5.jpg,10
5cf87fb8099b491c9a843eabe21972ea.jpg,7
bc3ab5851bb04353b2b77f47b12eb1db.jpg,1
a35c3d49e3504bcda97f55f4d763c2bb.jpg,8
8b0510e5a4894192a118c4b667022a48.jpg,8
22901034f2544251bd6f73495e96c9da.jpg,0
5639f669c3a84128805c6d52a0841812.jpg,13
06aaa993d1e94fab8b22609cf196b2c9.jpg,13
26166e59de3e4503bab81dd1051376c2.jpg,5
1a4cfe0b6fda4a7fb35f1e93025ee0a9.jpg,1
21d7622ff3f440aaad5b6f076d662cec.jpg,0
013105bd664648aea7d5955fd797171e.jpg,3
b6fcf7e453bb4cbd957d793528b60f77.jpg,3
97872735845347d895e04577001a0bcf.jpg,7
95e76e1a6c4940a1926f85466e05f235.jpg,0
3045d09778644eb7be4e81fe1198e18f.jpg,7
10b2fccfd536408fbeceefae4201f0fe.jpg,13
c59c7104b01249abb277fb6540777f29.jpg,1
001af8c082f24c0299aab2ee3a3afeca.jpg,9
59a5f3772b4f436eb5f8d2d2eab6b451.jpg,8
a29be1c076504ee7a4b6f27551494b01.jpg,7
efec4cf2f9f04b698225352c62723dbc.jpg,8
0e4a91b5daa84f3c88143ecff62bb79f.jpg,9
c45330d246c943dd83eaa17906895050.jpg,2
deafcb300ff749c793f93c2e1f84d61a.jpg,13
5bb007d51870415a998253709d3038dd.jpg,12
c4ac0cb7da78486a8e8ea0903a291b55.jpg,2
83cf09e88c774442a0b76e770494bb5b.jpg,8
03d0f2ad89d840a68367e8f1dceccbd7.jpg,0
d611ff248cb54c669c367b5f78749ddd.jpg,5
32388301e6d341b1bf3537af843629fb.jpg,14
51faf588f2d2482da8a08b650d11824a.jpg,4
56cef6bee4dc41a8bd741ab859ded87f.jpg,13
f6f26cfb2c4a41e2a5bfc4223dc5fd8b.jpg,1
f84678ec00564f9abb9f8753e3e91d24.jpg,13
21a5518ca424454fb6702630f8eea36b.jpg,13
15f42a45eaab415089bd0f5d5a862766.jpg,6
f1cca433042347c59f71bbdc713e106c.jpg,9
d35b2d1231b742b187167d66c7d9dbc1.jpg,4
956c5e654b1e428ba08a13b73e3d7ca1.jpg,4
3204427cbdf94ec2b2287e4ad4471631.jpg,8
8e02605adccc4e2e9cedf098e2f37b05.jpg,13
61321a5b258d4abe872275d875bba859.jpg,11
ee5a4881d8114804ae7dca6af6adc0d9.jpg,14
a93bce192b5d42d3b0f34c30b7041d3a.jpg,0
88734af10ae04901bda67e62892ab843.jpg,8
b32992b7892a4eb9b99ff0243fda02a1.jpg,13
504885f9a10f41949f36c119b21876d7.jpg,13
b59591a9f12f44fb9ade50a2a3f0f8c1.jpg,7
7b666cb0d94748238d877d2ed3c3190b.jpg,9
e6b3ebcadc954c1b95ae40beb9b20d1e.jpg,1
a0f5dfdf3883412ea16f0e9d0bee78e5.jpg,7
9abb30ce21bb4cde8aa2d03f66154a80.jpg,12
96bf56f8443b423bad202af6f99ddc58.jpg,0
371a6da8c6f240ff834c70191473ed67.jpg,5
459ff9bd03eb46e5be8335aa16ceb05b.jpg,9
91cf1bb618954e32898d337848fca247.jpg,8
4a93fad97f154110849b2fb174485997.jpg,1
71b1d3762b7a487a953b9a7102db7e50.jpg,1
6ca84e71834847a7a72fa0f923c8439f.jpg,9
38e2906c44664e0e8f156b792971e3f0.jpg,5
d9461013ae5b43039d723a6fa4503606.jpg,10
80a3b752245d40adb22fdef48bdadb46.jpg,11
c3fff0538694428aa2152ad899ee7aa6.jpg,4
b146b7c711e5473abf18f4423a5ef4b5.jpg,0
ca5c5407aa554054b0e657f79ad8984d.jpg,10
f96079083a6543b9b345d0fec7e2bfa2.jpg,8
a5fc7ff2eec344bfa8c7986394d8081c.jpg,8
b9e31652e8814af081c11fa8801e18c8.jpg,14
3c0f0ab4dd434187ba1572bda1632cdf.jpg,7
f806cf1283e24e91ae8dc990c82cd0a5.jpg,8
98444c6eadb74a5e81bb9e63906a353b.jpg,4
f306390f60f1475dbe6f29407873156a.jpg,7
b112ca76c1e2487f802673a68483f19a.jpg,5
054ff2b1a75a4f6d887b0b797692b790.jpg,13
b65ed583a3d54ae6b49cd73c1e23b98a.jpg,8
48036004900140cd841aef34afcfe3c9.jpg,4
88a7ca7adb6b4ec5a5db1286a91e2235.jpg,0
6ef2de27992a45d69a6a275f7f4da303.jpg,0
6ebc49df5bd04436af0b5fc4aedc4030.jpg,1
22a6ca34333b4909af6919273a8dc07b.jpg,0
a51b78221b6b488599b2e669b6c33ac4.jpg,5
ce0861107ed347c0af487571d325f829.jpg,4
b75c4b9f3fe440fd8cc8bfb07077ec39.jpg,8
9a06add348754c29aab950e56d6e53f7.jpg,5
410c8b7710434a7581164878db70b083.jpg,4
0fc62bff1e6c48c9b36632de091367f1.jpg,12
1dcf0b97ab3449bcb5e44d096c5dc130.jpg,9
94d7e1be535e4fdfa8d95c77ee0193ab.jpg,7
1cf34854009e42608bda21c5cd8f3337.jpg,11
9926ecb0336b470aaa356d017a14f53d.jpg,9
4b91475810c841c9b6085e871239c09e.jpg,4
46000108e7914395b16d0e992d200f09.jpg,7
b01e18382ce34a8790371a2b08c1bda2.jpg,10
04f55a49862b4761b9eb3117f3565905.jpg,0
5e6e5f61d2ac4a088e8da7a820c8f0f2.jpg,1
acceadfb00564b169e0d94da440018a8.jpg,14
656df1d4e710404ba40dd68295487ebd.jpg,12
60f0710387064ae7be26e006bc4d5304.jpg,12
853650bf94674336b8bcfe20284ddda7.jpg,8
e6241b732b9f48cf90ed4a5742b8cd40.jpg,10
1578bfee4edd4ea38df85356340e2644.jpg,1
3b99932544f14c4c934a20065122de1d.jpg,4
d26588afad554519acfb872b4d2fc3b2.jpg,9
b53c259ddb96477dbb1e1b5568a5b1fa.jpg,12
53274e72544e417ba29a49516aa89609.jpg,0
cf401155cae143fc8adcacf73c001fba.jpg,3
d69e521ec3084b3aaf2ae4b829a5edbc.jpg,5
9a3fda53b0c24d95bf436bfba94a1875.jpg,11
c626af650da043ef9eb51df21ac9bb86.jpg,11
4dc33be4cd3640d7996508258bab7381.jpg,14
7b68d8ca6d0048b892933dfb789f564d.jpg,2
5a904d72ca994265a4d601047cbc9885.jpg,13
fbe5731db9714001a5510ffc0d5d68d1.jpg,5
b683b6ad45784c838973afbc45bdb68a.jpg,14
b41df8ad5dd44b158088f001a29585a3.jpg,4
9f7c5dc829b34a6a81bd5bc41037134d.jpg,1
e1ebefdef30f4c0faecd55df6adc5b7f.jpg,0
06ac041a30dc4ac9afcceb80e068380f.jpg,9
f85b243a5c034d90a4a729bf2685b524.jpg,0
1c1025b405ec40f180d6e559860c746a.jpg,8
07b59ab086e54ad99225f9ebb8f4e10d.jpg,12
d16be2f77149491ca3fe5f93c127a2e8.jpg,8
6ec1ff8a64c64f88b7a76cde78e17d79.jpg,0
8c122bbfff244f62bb4ae74808b3a0af.jpg,4
e61f77594ea947a9b7bd7db8badb2084.jpg,9
e01b70b068874dad967b5b31e11b40e3.jpg,5
7439761557d342c7876f13fe746ba18c.jpg,12
bdb2fb6d6260441db96bcbafc0d0ab1d.jpg,14
f4f9e7882bec4a2e9d2201d86298044b.jpg,14
aad72ae03ca2464e906f7dca3b96547e.jpg,5
fa62e2abea6e4fa3bb136e74dac0716a.jpg,3
bcf9ce6a90ca40baa84a37cfb7508e5e.jpg,13
1dac1f06113543ea977dab441153793a.jpg,4
d609eee112fa483283e17cee766b26de.jpg,7
6cf6108ae52949398e0afc0b50981c40.jpg,0
8c7c79ff3e3548f193917bee5715b529.jpg,9
fbfb24b4e582489b989ab3a05077116f.jpg,7
983e2df695584c60897b7ed6e2cf7c76.jpg,14
3d5d9799d3224c60ac2f5131efc85bb2.jpg,9
f78e6d4eec9e4897bcbe984bbb527589.jpg,12
56c848d783aa4787b8627673916e408d.jpg,14
879cd3cd9b7f4465a726b95cec26f747.jpg,11
05207c3eca094ac0bd47484ac9a3dbf2.jpg,11
f2c7f22cd6bc497bb6bf0b47f42cfb22.jpg,9
aedbe8009fe4464cacf1837662ad9527.jpg,13
bc1d16b9fa2e46e0889a1df770a8661f.jpg,10
944ad033f35444e8a5d587940a584acf.jpg,1
2d8aa2c1eabb4a16bb63535a7f1ec864.jpg,9
26494329a93f4cf8b1760db660d4a7bb.jpg,1
8eac36f085db46c785fc19090e2df27f.jpg,10
59a14db973dc4fa39ebade0a8d88da6e.jpg,13
fe77752f513143b9afc65a0cfae2acd6.jpg,4
71532479f65d473680801ce0d4099b0f.jpg,12
a3a9e2b52cbf409b983fd5550575ec03.jpg,7
5fcd3a863dfb402e94699dcd49f19147.jpg,14
01e6d1b8cdae475e80c50e431e209a46.jpg,7
bc46a9a69b5d4bafac2b5ad5640373ef.jpg,13
ada4dea4a0364876ae49e912fc4b6cc4.jpg,11
3a2de683cf7242549c8dd6a375d3235b.jpg,7
0497562359bd4fd4a525b76ebf8fab1d.jpg,11
5b6ef2e6edaa41ff810fd774a1c16358.jpg,13
183ec124df164cce8787de897df9bc5d.jpg,12
79eb19b3cedf4f39ad6239042e975d3c.jpg,9
61e54a6b57eb4960872451f3cbfdc00a.jpg,0
db57890beda1431c88c0521429861f35.jpg,6
315ce0212e574c55a13d1809671ab3e5.jpg,5
51cc4346146b4563b3ad0c0cf6ef3959.jpg,11
fca67f1b90604d25a5b838a137bb3fe5.jpg,10
17d1189908bc4949a8ed07bc5b179946.jpg,14
926ee01713d744bfbf1108405d6cf234.jpg,0
b3d535f9870040c4a97e6c0f3048299d.jpg,4
b1d48041f1a94ce6ae2f31e5d6f81d87.jpg,1
edbc2725f9724bb3b02afd88f5f923bb.jpg,13
1b68a351463744d7b38d3370650590c9.jpg,5
70af2d82d6bb46dc870609c98cb8bacb.jpg,5
38838df19685450986aa1b00197a5147.jpg,10
52469bc7b9e04804852e8c022e5a05d2.jpg,1
9826a69ff1d5446685c94d43d8034efe.jpg,5
745306b195e04e0b8296089c54be9a82.jpg,11
eef82fce01ac4dcabb1c3b3088d7f556.jpg,9
53bf4457ecc44b2cad7d23214978aec2.jpg,2
c0dfa9e670a944b7b39cb10db9b98dd6.jpg,8
ef271ec4718145d391dc3067bc1061ba.jpg,5
666d20ce5d494309a667705174e56c7b.jpg,3
27d4c43691eb4fb9bc95fcef2c57612c.jpg,13
6f7ad70f04ab42e0a72de69ed8f5cfa5.jpg,12
da1944a505bc46f591dc47986f4aac91.jpg,9
df421a7226224f9595744d1f8c804079.jpg,8
4e3ce7b8900c49e9b49e70e27240205f.jpg,2
b9b43174900d453ba7b620ec83cbdf7c.jpg,7
a749c7e572ff4294931321f2b924107f.jpg,14
19f878d2f50141a09e52134e6a13a5c7.jpg,4
419b82ef47434cbd99db1ab3de6d1af9.jpg,2
2eb2f07787dc41a283c0b00d4311c032.jpg,1
ac92c9da35af4304b45bd6f1c8cc2f80.jpg,11
1a30009948194372a37feb314b4b3877.jpg,10
290e49a9d4b44b08afacc01ef48895df.jpg,13
a68bb419be2849e09943486cf4a5a628.jpg,10
d6ba5df0a5fe4216a8cf117e3ddcb118.jpg,8
a2b58b0bb19146b0aa7b684ff568caa8.jpg,0
22d7d20d52504885a14e5163d458ba36.jpg,13
15b880f629bd43daa1aa7d17d613eac1.jpg,8
8f707f3b642f474f9255f934abe71ef8.jpg,5
ff9f6eb025fb4f68ba80ec18ac98cc56.jpg,6
f9e78fb53d974cb390293bbbfa9fa934.jpg,5
eb6ba3169b71490191fc3e72a3c91c2e.jpg,5
5b0e18f3511c40daab9d8bda35e0cfde.jpg,2
c823028fc54f4c549aec619fc1c5e590.jpg,13
0ad16bde21ed4c7dbdfc4e7c7e16612c.jpg,6
5b71598fa9c04f37beaf3f62a19ab30e.jpg,14
cbe1d7234a5846aca6b7dd46f4c50f1f.jpg,2
3032fdd7e7514c9aaf6d29736d951985.jpg,11
eb3fa3b1627e40058f9c17e4e036fc70.jpg,2
1afb0b264949457191cb235f35668ef9.jpg,0
903f6c833065498eb33672ff5153eb97.jpg,13
9c12b8986fb841b381626e18e0f27949.jpg,5
f8707005c7244853a0d4998e48ea2b3c.jpg,11
690b96c41c11445499919b501356c4de.jpg,10
7f60d411fe114ae0a3716ed01d79bd02.jpg,10
9a6fb99d4e9e49ddb1b981880a4ad107.jpg,2
8a8b4d454ce74cbdadde77cc4fd41cac.jpg,11
ace4e63a54ca48baa7ecc50044988c72.jpg,7
0a0e9bb70837496c8248508ea69eacd5.jpg,3
daf858210751440796e90674182226e3.jpg,4
22a0a7edeaa34532a73699e690428ef5.jpg,13
aa1af79a41264c5e8d0cf15319ad3d65.jpg,3
6fcaecc2d95a4198be40c1533ea0b63c.jpg,4
a453649aea004fc3ad9ac1139957952b.jpg,4
174ac390e6ca42fcbca30acd0f45036d.jpg,7
7f172468078e48f8afc72332106bba52.jpg,0
fdf9c5432a074ab6a483899d3a74871c.jpg,3
eb3d8176d17d465f8448d6aa9b3b8173.jpg,12
e17031344cbe4bcaab1b82ff4601ee80.jpg,9
3b305e61b86347fe85963ef313ebb0e4.jpg,9
97fafd8eaf46445ea75529ffc85916f1.jpg,0
ff4019ce893c4411be587b84436f72dc.jpg,8
cd50112e6427416b8b9cda3d3b7958cb.jpg,4
92b0cf664c2f401bb9c978afb991b9ee.jpg,8
fecc608905b74e6cbcf1ef5a04d88e13.jpg,10
a1b87c5734544749ac89ed8033d31852.jpg,8
2e04ee629a964ca09b4de49fc8b0d7a7.jpg,2
cffb8b498e8d4eb9a5327beaca10cac0.jpg,4
4b38ef943ca945fa8dff99fc61fc0d49.jpg,1
583ba8bf489243b7b6f8954ec97cca2b.jpg,11
70633a17f862409eb3356b0a9b1b4eca.jpg,1
e2fa0ace30a64b6b9c6f17a8a42eb730.jpg,12
9b997a37e4cf43a2af65b001eda550fa.jpg,8
adee06ff7fe94d678a6c8dacf29921de.jpg,5
6303671b66464a4bb7174347ba4abf11.jpg,0
9e4d544833dc472894dfdda1e820978a.jpg,5
ede79bd4468d4e6abd89b1861629dd84.jpg,7
5191cf2a75184f7982094fe5e619d6c5.jpg,3
898c471744954bcf91200f86ae398d91.jpg,8
bd1203a8425c49e28705627665b1dde2.jpg,11
a1d344178268475785b4841ea5f15231.jpg,10
4341f779f6354703b9e245f8908014ab.jpg,14
14620676f3c84bd1b8d52a4347ac8f8f.jpg,4
962c0c7760fb48749cb4c6b64eaf5895.jpg,5
5ea9f0ffd99144639bbb6304ca07c013.jpg,4
80dad93638fd438cb57d9439f093f57b.jpg,10
3074bcbbd03f48ba9c0cc3f65ebce4d6.jpg,8
0ccd87d37520426c8f18665fe87b86db.jpg,2
78a19d5e663f4b60b9cb11cf03404430.jpg,2
848bddc5af9643d98f2d1b6281078941.jpg,10
f47eb0ae119849a6ac427d00773ae1d5.jpg,2
e9eb84a33d4e4ffdb138c2c0b765a871.jpg,12
31aebe3705d44d9e92de90eb1a2b4721.jpg,5
b2ff9aed1b564a48897edff69aee6e29.jpg,11
5c51f567a44c4f0e87be43da1ef776f8.jpg,13
a34f9635c0af40c4b483b318bc20438b.jpg,8
e26c47d04c674fabb94a7d34a0738968.jpg,10
5fa3c9a77ee64df8a01302b124a71726.jpg,8
26f59df867a04b02bcd1eadff7097d67.jpg,11
6c9f182a20a74e0eaf538bbfc35f16a4.jpg,8
d9e1b43b612646e0b9ac613d5fe4f0f7.jpg,12
f913cae1821b4059823148004b949dcd.jpg,11
bc0a9c0a050f4d1389a9b8743dad9d32.jpg,13
01aa496018a54184bb8daf6ee9735011.jpg,10
2880510b898740c2b09ab068b54816ee.jpg,5
c0d0af52465d408f85ff0560c2d03ada.jpg,10
465e906f8ba44b58898c2bb41918799c.jpg,6
2ef8e8225cfa4b9ab521286569d034cb.jpg,10
938f47385cdd492db84527179900f428.jpg,14
2d50c0dc930f44e5b43863d4721dc1c8.jpg,0
f2c6301a627e4254bcafb231c61e8a4f.jpg,11
fd278fc906a04d17887b9978cd986285.jpg,13
e9b3160066af42e6b6dabf928c40b8a3.jpg,12
5b3fee6a79ee4eaa8abf4aa22834f75e.jpg,10
466d8c0dbd244fe69ed698b9f8c7ef4f.jpg,10
fe58e869f55444ebb26f825bc2f4a67c.jpg,12
f968deccb35845bcaeb21641f45df95d.jpg,2
53136b04012645aab14fa53a1634124c.jpg,10
90d9151186ed43d486656615adc79c9a.jpg,5
9bbf4c952c314f718d79db3a51f831b4.jpg,1
301b257acc7c4af783171c642d89146b.jpg,14
bd3fcaefc7ac48ac850479cf2029ad2b.jpg,13
dae010137ea1402d96d384b15d8a4aed.jpg,2
d9bef7d44f5d45ec859d70221c07a10b.jpg,0
17f62b07804d40a4b8686dbd526f671a.jpg,13
f246d19eac6246deacdede873ffb2f4d.jpg,13
d89ea9f920a048369e3bf6d8da048b5f.jpg,1
c7efd3dc8aef4e9cb7e5e2c41548773c.jpg,8
d276ed0d8f5c4bebba1cc8b8921038f4.jpg,8
4482ac48b9f94705815485eab825475d.jpg,8
bd7fbba334ae4b72a63c6c323233aec1.jpg,4
678b8e2aaac44c38b5b8024d79726f6a.jpg,7
a09fa7733f8340e9b95cbcba207685a1.jpg,8
520f295d70254d629ac03867c4341e6f.jpg,5
b1e140f854d947639f1bfc68bd902d8c.jpg,14
2a5a033e47044502acdb706f610122c7.jpg,2
1b1ba94c76354b3faccfecac5649af8d.jpg,10
6667a8a5baed4eacad8360ab2f2e017b.jpg,11
fb1a81feab484b83b2f45dc38bcc6f16.jpg,4
0f9295872bc3453885b6cacc8643d843.jpg,13
100e9a33128841788389415cd0301ffd.jpg,13
1dbdf26717f94c929917d0dd7c476890.jpg,10
27a8fa4e33774aa584030d189ac03348.jpg,8
0cb4f83353b547c58c376968efb18c2d.jpg,0
2a1ce3de7508486f995b3c80399df798.jpg,12
059bef6fd3534a6d98de5f86044e6dac.jpg,0
891bbc60b3dc4d7bb2aaf077b845e114.jpg,10
b7c522e5b5914ce987a771b645fc5be8.jpg,12
8f381663845946d28b964e842e94a8bd.jpg,4
bb347a5e62ea4608b7c06549ce2b73ab.jpg,0
7842a3fe107e456898ca22d333ee4635.jpg,2
bbf60d640ef34de7aae11f57cb5961dd.jpg,12
367007e6058e45b4b6c1fbe7f68cd3fb.jpg,1
96f86d61a6b346daa02ac751e039551b.jpg,1
866354499b254c2581541b76104b600f.jpg,13
970a02e7714a4d6299d8d0462a821534.jpg,9
749324be39684d7882bbd599c9e31ae5.jpg,10
fa1c9f9c1f414db99a8db40afa5ff22c.jpg,13
31c1cb38340b466390f36e706fa33864.jpg,3
b29490da749f4889a5902312ad3a2367.jpg,9
1ebd641df75347cd8f92bfc929c8d5ce.jpg,5
4cff0717e5a241b9bf220fd059462092.jpg,0
651d33622df6404485be9352b791bb9b.jpg,0
461382ee3a8a457ba4faac54a1ac0168.jpg,14
608765d206ed4da2b766f1da118ec7fa.jpg,9
6ecad91c1b9347399edddb0e6b90fd8f.jpg,8
4d0e330bd8c448d185ba99016e215022.jpg,0
1a8c47f9db0b4b089bed92a757e83db1.jpg,2
dc512fe4e4ed431c89aa38b8655ff468.jpg,11
370c6e508d8b4291a5e96be8d31968f3.jpg,5
489125219b1c43378f23302720f050e5.jpg,1
5e685f1c78cf4becba342dfdce63f38b.jpg,14
cd967e3afc0a44e98db4ec51514cb0d4.jpg,8
afad4f3abf5448b5ac8a7cbc2cb4d00c.jpg,7
4ff4c2243498444282b17d9a3f020cba.jpg,5
ec5b6b904a344297a49042cb66c02c37.jpg,13
f9925ed9fac6459190e7f53097ccc015.jpg,0
9b503737daf549e7846b33af59f529e2.jpg,13
56302a174af14269834838591e17b62e.jpg,10
5538107956a147dbb2a280618f12f706.jpg,12
8c5063141a9f42ae87ab7f595a12e3bd.jpg,12
0d819d5af840498a943919f31a61bba4.jpg,13
509fb01aa3314068af691ff449da8fdf.jpg,11
26d1272380af440faa27380e54b9ab73.jpg,10
703e9ee370e64b50b3251a28d9705780.jpg,10
875fbac202714541b90cd371ac7e9345.jpg,8
abffd9b72ca742d68bea67db80ad80a7.jpg,8
c7aaa3928763496982b1de7e670f3c67.jpg,6
427162927e5c4721847d21da82dc68a1.jpg,11
63d073037aca4ce78332ddd29857166a.jpg,13
d319385f5ac749339c5301fe6e8fdbd0.jpg,1
29566fbdbb1b481491b3f2475ed67fc8.jpg,8
3f051350656b4a6e93fc7427b3edfcd1.jpg,11
4556de7c1f8747798712876d64bd1cf2.jpg,10
819ddeea932541978df48aa7b23e831d.jpg,11
2451b5d0c09f489a827761eee6d21479.jpg,11
750416d9023a4bceb7e493c712368661.jpg,3
0439606cd5ee4f16bbe8d588a87fbd3d.jpg,1
17d02cbd5ad84e2198e62aba7ae1584e.jpg,8
fe7bf331b7f24f6fad14ad00bd70fb79.jpg,9
c16fcc779fcd41c9ad2ea122b8b77eb5.jpg,3
205aefec77204200a9728859e3f97e7d.jpg,9
84beb4b61b3844ad89e4a8a8ddd66f43.jpg,13
5c65d2e7e8dd4691ac6e16dfda03857a.jpg,0
3fca966d9ed2419a897b7215ad0d1edf.jpg,1
bb14bebef33343a9a4f8c73f635ed9fb.jpg,8
d01351ba2a98482eb278c907fd8549d3.jpg,13
c3e318e763e3499e9290146ec426a5fd.jpg,5
7ce49c1bf00543c0ad23e6b621459a7a.jpg,0
9b2afa66b48b4c528efa7a6e9eec77d5.jpg,1
621e16c43d43408db3f8e3701cf23a66.jpg,8
0b9e420871734995a1aebc7ad701432d.jpg,4
0639451b89f94bc8b4bc5f008e05944a.jpg,5
b389e8944ec749ed8e9afdc9687bfb63.jpg,14
6d90978c0d02449d94d0fdac0d7411df.jpg,4
c5a7ccc0edc04417a885e8b51559fa68.jpg,9
140a1d9911d746da9e7b9e721ba93105.jpg,4
a2d6edb2f9d4435c81b4ae245a6fe2d3.jpg,12
014e363defb74bc598c8dd4c5d078d9f.jpg,1
030ccba44d734afd8e4a3c419615949e.jpg,3
d17287a785204c3687997bea2084a3ea.jpg,14
cdc5d78ff66d43dabea2f1025beb3dbd.jpg,1
71fc03e5acde411aa0a6ee6aea4cbedb.jpg,4
b7dec01c67e041c091ddf12db75cb50f.jpg,11
56034d9b371b4fb1bda6fbac56cb2809.jpg,14
8a4ad541d8a5437ea6f7090b353a8b34.jpg,4
7e493baaefc047b3a1724a333470b091.jpg,2
1d8b1259855f4b20b296383c87c12619.jpg,13
2ba3e40b67b84abb8154532d8fda024c.jpg,8
075f49f70a874509b3db0f3ea5edbcf0.jpg,10
65c3526fd66d48d79faa4125db12d962.jpg,2
5b9390fe708447d9b5a9aee27fbf286e.jpg,7
99509a253e5642e3be5c858cfddc1e2b.jpg,8
dfbe72994df948b7b8835975a82e7d1b.jpg,3
39b009304f3a4a638c6cf7fcf178e637.jpg,9
2483a810521b409f8e7a808fdc61c134.jpg,0
eb94305c92454acfb18edb34aa257add.jpg,8
31967070333f41b186e14b94a87346fa.jpg,12
deb5f57b0b8a46ae941710556eea2b65.jpg,5
658a1794792c43d2b31f5d57eb549f1a.jpg,9
7d8abf66f24542b292d7a11baecd2e23.jpg,8
13d6383b77d94db9b80e040dd19f4b38.jpg,7
e364ad02dee0429995993d28124cd571.jpg,8
13fb5e8412e74c0ea1a6837e212da1c0.jpg,5
912d9331815049249c30831d7ca40678.jpg,1
d3dfe7d9120c4621b09428afc865c999.jpg,4
1768e2cf5bc04ac0a37ca5943781ce0a.jpg,0
701898df2c0a45ef871881140ed63b82.jpg,13
d70376a6d4cf49b89e48d73c36006786.jpg,12
32f3499a80014f91aef98f943bf24d00.jpg,13
637f83a52a5449e9901b7cd3cb98b117.jpg,9
2a3801334797442e9e910f03a0faa945.jpg,9
45ef2b33dbfa4445b19703d5b67b42ad.jpg,13
2d5955d6bae142cb870cd8a5832e8108.jpg,13
762d3d2b52dc4458a33d927bdcb3ea4c.jpg,9
878bc321d485472da44c95d413d24b50.jpg,10
b845c12cffcb486faf83cb3dd5996307.jpg,6
90ac0ab91766485c845ad2f6c2b68ea9.jpg,1
9079acc8857e4eb1b5b5d2da2f34bf0c.jpg,10
57ab4a4235634838bbf1a43863283147.jpg,14
b1a6ed239143432a810aec952b8cb4f6.jpg,2
4c777591e4064368896c37195b03ba8c.jpg,0
fd044634df694594b01af6bc69cd0209.jpg,10
7e875cbce2a84569abc01e4639005af9.jpg,11
073bbf5f65c348a0a6b6054e65db0f8f.jpg,14
e6ef09b9dfa9473dbd1e6078518cab47.jpg,3
86dadef1c17a40a2a07edf8b505cdc55.jpg,9
fe85babd41674c7dbd410448155b0a3d.jpg,13
cfe930287a2946d38ea0d4fb36f6a28d.jpg,13
3f2c30f5f08c489192050238f3ff740b.jpg,12
bddce593dfad45c99a7f0baccb4bf8f6.jpg,13
6cf0af5209b44301a5995afe55c6a331.jpg,9
8f7a26908d6c4e56bd1e9899e6c7ee60.jpg,4
80acedbd9249421db8f6b12ba2a26b37.jpg,10
22e9d87af0d54a65b59e6ef51515a528.jpg,13
a475cdf937744e73b9061af74cef8577.jpg,5
bfdba971799c483d8ff1fed4a37ad160.jpg,11
bd9fe7c9643e4030b32ff1ac21434102.jpg,2
dacdb8131af646379aed880cd3f13cbb.jpg,8
a8942356c6374d41bef7c36debaff205.jpg,10
0f95ddd48e3b433c8dc58b254ff09437.jpg,5
7db4a5283ed04ab1aec0444a04c6c829.jpg,7
4f40c0effc82470f93ad71986098f302.jpg,13
880d1f93785a4f6abc2f0d4965edfc99.jpg,14
cb8f267e162b448d8372859a43e0846b.jpg,11
8f8f409779f54cc4b2d1c3efd6729e8e.jpg,0
26aaca8460944d9c81e65a65aa876d99.jpg,2
9d4845295a2e43ee863acabf1ee21762.jpg,1
ed76cb8a75f848b5994c54c47808cb51.jpg,7
da2e8785a4b045e4b271166c0b6bb72b.jpg,4
741a2a39f6714d07b2f3c9bb5e7a272b.jpg,4
b8c9c149bcc2488eaec626de6c423e87.jpg,4
9de9e2e6894c4b9e9fa2107d662345bd.jpg,5
4df2427a2e8e433392482e31b27936e2.jpg,12
c119ed0a90804369b7f4f523cf81d106.jpg,0
8a97be1e99d541ac8169c03afa8675d5.jpg,0
4d3ade93e06c4b5889066099da38d06c.jpg,11
d4b2d93191824ace91717d81215c391a.jpg,7
0aa6415fdc1b47e394403f40767cf8c8.jpg,2
9d6ef3aeaab04b069df65686001b324f.jpg,1
5cdd63e0bbc74a3f87e76df02cf683bb.jpg,7
9117954dd15445f49c907ca2353a0359.jpg,1
f7b8efa362014997b76ee022cace826f.jpg,12
15cdd7a1e14d42998dd38200e99ce82e.jpg,2
9a69bce151704de69452db5c80eaf789.jpg,8
507d9a724b5343ccbcb31a524ad72fe2.jpg,12
e32d7099b9ae4d6e902d0578ca2eb019.jpg,7
58ac394bc74047d58fcccc0df3377255.jpg,7
eaae13140eba469d8855f3f75b833146.jpg,3
aa09d70c4aba4cbb80893b87e3757726.jpg,13
68f2bc9b43314c378dfad019637b566d.jpg,5
904f74901089442eb2b999a8d1f9c87a.jpg,8
2ceeaf8a1e064b00a79d3a12a3321828.jpg,4
84d6648f8b5f49518f3276c7da195429.jpg,4
c26ed785c45f4eca94500bd05214ebfb.jpg,1
957703420ae64763902700d2dd98ce14.jpg,1
11619dbb63404719a37b59e228a3238b.jpg,13
dcfb10194096432da07df81ed0a1adac.jpg,12
d9e4c9ee0c914e77a6155a6b66177991.jpg,11
fdf292a593e1439facbadb24654182a8.jpg,7
b62ae1aa7bdb4e83b7cb26ace947cf0c.jpg,12
17b70c5b08e241db8c0fb152f6f966bf.jpg,11
b7035820e59f46c2940cc84a738be5c7.jpg,1
01d7aa527a2e40bba2cfe0d04a861e50.jpg,0
6f305d785ccd4d2d81bab9b3590cb51c.jpg,1
c980a55ac7dc439f89f107a2f9fc04f4.jpg,0
a0c7f4ca79814782a57eef65fb27c0d6.jpg,0
1e4d4d6d793e48b4913e9756434abcce.jpg,7
7541bf42ea614e91901c73902799ccfd.jpg,5
30e62ed84bbc4716a1032e1b8158398a.jpg,13
00d5dd6efeda41fba72a27f3970b0c46.jpg,5
210e4753b76445d2ba4492bb64b76ac0.jpg,3
3b3343ed9af44a7bb50425ad99f4c2ea.jpg,14
eac9ea5a50be40aab8bb827ba76f5a0f.jpg,1
b5e6b6a4973b4006a3be615f2c8f60df.jpg,1
ccff2d09ffec437d963c34b9d6183935.jpg,10
a316f2f193254f46a7d3b7959d779ff6.jpg,0
c217e900bbf945d9b93f2fd80a9894c2.jpg,6
313b94ac62db4fee9fb9263e8eef0483.jpg,7
9c5391a25fe74da99a28d35754e7231a.jpg,2
da05f7b539be4e82bd0eaec60a4e46f8.jpg,10
66bd08a328c64f35b9a2b331ce5ecd5e.jpg,13
a8bc9963d76e4389aa177f89885e8a0e.jpg,12
03271744998f4724a6d8584591e948a5.jpg,14
20d616921f664b28a0f86f6cb8e4b462.jpg,2
a100ffd13aa04cdba9c39116e3023008.jpg,13
039a33b4f0ff4ce3b1ea471f5027513c.jpg,12
0cbd2862ab924b5a9a82559e6d488d65.jpg,5
d9743484cc9e41528d95b1f93a608f58.jpg,0
42f06fba5f634d7d81366104628366de.jpg,13
25162ce3934f482e8a66ba0494d6a1e4.jpg,8
b031a5292bc44482b58b87c1381a6e4c.jpg,14
3e1cc7ec8c534071a695b16e5141c6d8.jpg,10
c5787e3ca1ed444c97ab4c2076570dc1.jpg,4
a86e9abaf5ee45eaa4a7e26f8270c0b0.jpg,14
68d9be41ed9842b98c917dd11c7b4d32.jpg,14
2e32b271930a4529a485926ede828899.jpg,13
cd873d0910df4212a7bd946aad01ee9f.jpg,4
cdbd69e0362d40248963df4ab67d2c70.jpg,9
d4a3ac3a463d49638f54834d46366023.jpg,10
1575bd8f217543178305d0c314c58b55.jpg,5
ab0e42281cb54c318c7af46e4f3df588.jpg,0
e79782ba01de4fd6bba9661a2cbfc97d.jpg,1
1ccf00c0ed134ad8bcd609d427422844.jpg,0
87ea9fdb67424f368ca4b7208f3ad52a.jpg,5
261bdbfc547e45868280bbd0cda45432.jpg,0
7e683142419542718fe06a6ca0fd2d4e.jpg,7
5bcb228ecc1d4496ad37de48b1201718.jpg,0
27b27a947ec44c8f8e9cb42ff6f87e60.jpg,11
72f0ad4d4f3d48239f78dca4ae6a5af1.jpg,0
27d322bd4bc44cef9574f09d2cd7168b.jpg,13
2177079e917942ac93d8b4baf4b81306.jpg,9
3f3e7205bd3a48298bdcdf1ab9a0087e.jpg,4
495f9175ef0d4955a264aabb8d44e597.jpg,9
f8d88a8205ad462bb9aac09a12235445.jpg,14
4827bb7750884479ae38cfe40b326a56.jpg,1
83879f0bb9084e5f80a4fe716343e9e4.jpg,13
be0ab4de98784be2ab271ce422994781.jpg,7
c5b6db7ae8294b409c9492b5fb3b89fa.jpg,4
898d2846107d4107afd20ca7ab807cde.jpg,11
0a79fed86693432fbd8e3e34489cc365.jpg,12
0c08060a70384d3ead0767ddaa0efc67.jpg,1
28fca2079ef5410da836eed3cdcad28f.jpg,10
a40c8a8acf8f42e7a3e4760555ef6a54.jpg,4
92fcf348955e4269bed2960defde872b.jpg,7
4a9152b28e984e97b02215cfbaf15f86.jpg,10
13dcd1425ba442adb9613848413bd3b9.jpg,13
2f7858f6b96e446c9a511cd6de71e326.jpg,11
43a9ecfd00844386bdb637fe12e99486.jpg,5
b127778fe8904a8ca032c6e8bd513ede.jpg,0
5835eb73681f4f768e407bd8f3b514f1.jpg,4
eaca3b45f63c41f5ab71c718c42a8102.jpg,13
cd6604719d344ea58d2946200a1c38ac.jpg,7
bdb4accb9bdd42118ff4b955588f8a73.jpg,11
619b512bf86f44aabd29538fac717f65.jpg,6
b870b0a5e1824892b2de6d789c3ed06c.jpg,13
dd7f9b1785c546c89123a3f0248920fd.jpg,9
d4da317f1e99439a80cf1f22e403698d.jpg,9
1782f75e285448528e038d4681a0bc96.jpg,4
c40083e4b7424c7b8bb6d327af59f1e3.jpg,11
39c7d1c17d104c56969c4771ffa3ec96.jpg,10
a7c13e7c90784c499a87f5ff24b47e6d.jpg,2
7cb84cecd20f48d6884fb0b4c312b858.jpg,10
5d18b63b579b48fba4d54aa07ea86db7.jpg,0
c210276a155344fcbefb52066c1e2b26.jpg,10
569c7616aa9d47e9bd2cbd276d249506.jpg,14
08a7b5f891354f349b454f9edf0b24bc.jpg,7
834b3719b65b4ead91baf0a6c1389469.jpg,0
9b84b947613440119cdcbae7951b538e.jpg,13
27d18f1beba54de5a1e054f9f3761c78.jpg,10
51d13e81913143c890e6f15f1c6251ec.jpg,0
a4477f3f5da64dd0a3008a19515b9f5e.jpg,11
a8068170cfe34c008316f512484e3290.jpg,4
892633fd1ddd4cc08f114f7ceb164ae7.jpg,10
b49e3d8b2bff46b197bc955aa987c578.jpg,5
7f9aaa218115413c9aaf4c68c25fd8b2.jpg,9
f8805ffaa1334295af920b64f1d6ea16.jpg,11
ead00ec7f83c445a866992e00082acf6.jpg,12
cc8f7c45c7d9456e81b2170263b2fb8c.jpg,4
157aa4b7a972457d889cc9ea8010c96d.jpg,4
f51acb91efd246a7a7b00497d894d466.jpg,11
42311cf58c764dfa9856420df149aea2.jpg,7
54467ceab6c0423d927f6fdf81bd150f.jpg,14
fd86c7b6ee0b45b7a41d4e82eeabb966.jpg,9
fb00083b47da4928862dbb104124ec11.jpg,4
5e767d56b0a24bdaa8faaa6e02180135.jpg,12
9c4f3f47dfea4f2cb5f5323e29ce50bf.jpg,4
6cfe1d9bdf4b458fb17265920ed81966.jpg,1
45bcc5e279894748a61d6b8c01ba3d6c.jpg,5
eaad528440f6484f9fb8326dd331eaa0.jpg,4
1201599bf4864f9ebf05776ce6515a92.jpg,2
a82c245de45d496db4a96c71afbe7485.jpg,1
6bf57f480c60435ea99f45ddeb1d74cb.jpg,12
3539c12e169441369bc0c11e5551638b.jpg,11
0928ac3db9ed4a48ac8c567e3a7b8184.jpg,5
33c31edad6b34412bfeae9d94ebf385c.jpg,10
c8c9a37623ff4850bd90ffc2ecd2ef62.jpg,4
f138b644adc0468c88b964559bfc180d.jpg,4
6964e428c1ba4cb987e75673f2e749ec.jpg,5
f9176405173345f7bc50ebd69684fffb.jpg,0
95f515559b1b4d5fa751cfcc9ca16082.jpg,0
c73aeb75fa404684a7ff08791dc8af1f.jpg,0
531738606cdd4bf8bfd28641848eaa8e.jpg,4
e2e72cd8d2f742f7bf0bc5508b237cbc.jpg,4
73d6673b551144d5aaf2d1817d92dcad.jpg,0
0d816533d939483b92fefe371df2bd88.jpg,6
5cbd88c3b4c24721be6261cbd91494b0.jpg,5
69338d60190d462685f8afe42ae1ae18.jpg,13
9953d64d96a54e7ea401d1bd95b6f061.jpg,10
8f590bdeaae34641a9eab751d2dae436.jpg,14
dcfcc2d08d4c419b984409d58161d082.jpg,9
36c6a230a0ac49a59e07363bfcb410c6.jpg,3
2311e6fbbd3a4c73b2e0ecb8ee2fea93.jpg,7
cbb96edc1889475f9851f075ce21835a.jpg,0
81f39f7bf69d4d78956a0439c7c21f07.jpg,14
8d00651d132a4666984737d8adf79def.jpg,12
19b2141c47ef40548743068ed4d857bb.jpg,3
ed3785287830489c89873582f4b022b8.jpg,7
e72905412b4b446ea4eea74a541490e1.jpg,9
b1aef2a83bae4a11800bd26f06e8fff6.jpg,0
e1cbcffcdc854f8bb14a27c6f4325b4a.jpg,4
fbeabfc2a0c34791978cba524599d417.jpg,6
b8c88380899d4c70beb5b45c6bdb69c2.jpg,7
7e964a3582734d20b8822487d719950c.jpg,8
e334870871c648d0a362f1e17fe4c21b.jpg,10
073ab7404e79447096aa188f92d7bb68.jpg,4
ed4ab9bb981e4673a95893520c299655.jpg,1
c7b605253a644f06a87cdebebbea6b68.jpg,1
5521b9aecaa649658d28cf3fa8e33105.jpg,11
9dfe3e92da7e4eaaa3407e1d7675cb15.jpg,9
ab1d25bc85f14bca8bf2414aef21d544.jpg,13
ffa27fccbd6b441895d44648883396fe.jpg,1
f15e4c720966481a9f06358fc86dda8a.jpg,7
b6ec07e514f44291adbe23d679d0fcca.jpg,2
3f2f7a35c6c948e493083a7c9a88e2b8.jpg,2
0bde1199e9bc4b7a83426abe5edd8f3f.jpg,2
68dd145875c940b3b672c3d67ca5aa3c.jpg,12
01d2c109d924412d8f2f49e765e20dce.jpg,5
8dc580da275b49619ee2a4bd2d78c76c.jpg,0
3b31b732d46a4519b1ab65663a5a9c0c.jpg,0
a76039a3c4824af6ad54904e3a7ae51e.jpg,4
bf15a8f13d844dbc83335cf9610bda04.jpg,13
9502f861b96c4384b2450ec1b7b01c83.jpg,7
7f691c282ba24f3382d2a5b399600ac5.jpg,14
4cb9edceb5e0472a8a20522447c7136f.jpg,5
d7bf2d9e0f2048b2b97e8341346f889d.jpg,13
269007c97f5a47afaf4879c907d963f0.jpg,1
d00cfce72bab4d1b9a066690a19e2a83.jpg,14
f0cca1b8c3524dda9b45342b707f8503.jpg,7
9aaeeaf049d443539c220d19600c7607.jpg,13
fb1dfe2a5a364d67b3f78d45b0a476f7.jpg,14
9b7235167c9d440f832297c95a2e4c3d.jpg,6
4024a70983494e279c740c10dcf2fe69.jpg,5
0fc54a1299224eb09d806ef37668c2b4.jpg,14
218f327be41b49d28c7a34abc2d8352d.jpg,5
ea0ec0ec9c094400a9b40d2a7cbc7118.jpg,9
473be94279034ef8a4d0be6117b11de2.jpg,5
a8bc6daa973b4d2d815267d42073e2fe.jpg,2
df93126ac7184e2db1459372f4a146dc.jpg,14
8274deb1ebf74ab58768854c0b1a57af.jpg,5
76906da50c5e45a5b8e7d881adafa741.jpg,0
3cb488255afd49a2af835906f1b2fa6f.jpg,6
a535fe0227f14a1f8d0932a2950119ef.jpg,10
ebfbac1eef57493185d00f09beeae0e5.jpg,10
a644c2e8faa748acaee4d03800d4dd10.jpg,2
2911aef3d1064b49a695a579828b2391.jpg,7
d441344c3ed04ac68c78e16a162ef451.jpg,9
5317fb8b258e4d699701355b2cf0b57e.jpg,10
d4dab8d4956541d5a170bf4136ab95c8.jpg,4
e1feca7816d14b82a0aab02ac40a0fcd.jpg,10
d43963b18d9246e9b25558c2b52fdfa5.jpg,11
ba7faf1b4b54488980091195783d5d44.jpg,9
d92bddd8469740adafa3beeca4dc2af9.jpg,0
8758050f9bfd4b77b6e63e6616b73607.jpg,2
59281c67c7a24314b8bbeeaba4b92b7f.jpg,9
f653ee1065e446e594e1d0faf4652e48.jpg,0
6301752e4c5c4f339da1c7f975abaef3.jpg,4
93d07a99ae48477da3df80b67893f2c4.jpg,12
729fa31637f449eca7512f1315102674.jpg,11
4f50b2274f1c4df28a2dd689be558c8b.jpg,14
fa56a845222b4ff6911a42a6f088f882.jpg,4
fd6958700d0d454caf62065b5606e023.jpg,5
65d3e4b35e014bd4a215c6fda16aada2.jpg,9
ef025c0125da43d9837e7dfbd43d7109.jpg,1
f307e95540644d3eb100188ff331b8d7.jpg,7
e2c421ecbd544f9480a5da688ec6b98e.jpg,13
36a70b01169947f0a9d04a91e52d6507.jpg,4
7077010f43bb4aadbbb57c1b4ee1329b.jpg,14
cb5c31279edd41ecbb3afedef588fb5c.jpg,7
9f0977f399464fefbd5ea1718cea76a2.jpg,11
af5203431171497fb81d226c0d01895f.jpg,14
f1ec281e4be64f3980eab9c150368040.jpg,4
0ae52a91633f4bf5bf92bc3f6c8db3d1.jpg,10
3ad8c85a1f3c46d98f81872d2554f67e.jpg,3
7ec7843cd5b74f6e9f3164ed13dd61fd.jpg,4
496dc5fa605b4da091fc202db74453a6.jpg,14
01746d0d70664cf7b9fd95feeec94e33.jpg,14
b026f28515514c1fa9c5f38bc1287ecb.jpg,1
c2ad1bb2980646a7af6705019a4e4227.jpg,14
b7b684bfe0914898bdda9a07f1c3fa28.jpg,9
4c4df83507d341d587b43abda4e6935a.jpg,11
8829d46c21ab4efca68bf16a07b1d01d.jpg,1
9c43249dfdc64b56b1df5774e944e5a5.jpg,12
bdf53a2801654dee80789fd6861be035.jpg,2
83de4a849abd4fc4afbe33f62367dbad.jpg,14
6ccb6b13854f4e478ed0a667922d26bc.jpg,9
fe4e40b60c4b4fb7977199db785569fd.jpg,14
3598880c5d1646448e067113a777c1a3.jpg,7
a7bec700011845dd9c78de450d40edc4.jpg,3
7369fbe27e23407dbe12525177c7ac23.jpg,12
f74a1c8a36324bb791cc74cee1602f9f.jpg,0
74da3e0422b64cb591f44c9be607d632.jpg,5
f2ccc014da19421d97ce1425409cd687.jpg,12
5d48bd5e4fbb401696789db8359ec78b.jpg,11
cff73fe6d4604a38b8c1d9ec73610608.jpg,14
ac6ebf0c5389460f94b5e1b0eba9efa1.jpg,9
ee15cdc68c524666a015915f04d4ae2c.jpg,4
f2c376c9e3084a6e92ee003ac3192ef8.jpg,4
485e302467474464a3f5f3475b9c428e.jpg,3
fce21786b0d94af283f9114959c2a6be.jpg,6
fe9c511b6b554ba59f90779794f2e5f9.jpg,7
436550d72a9b424592201c5d863ce0f0.jpg,13
cd9a79633ddf4ecaa5eaf8adec8b95b7.jpg,13
4cc421ebe827447a96f9ae4a4f25a1de.jpg,6
06cd7ead933948f0a46db11a48537910.jpg,1
2c7d00d35b934da3812a83a4418a2262.jpg,2
fd00d653cd87413fa93ace758f709538.jpg,4
a115c68fdcf342cfb26a942fb640ced5.jpg,2
4550726405d54266a50115b88f3e6f29.jpg,1
fb6760de7736475ba916fd280c1410c8.jpg,0
58ca147f1ce4413fbcabc2a63601adcb.jpg,7
58f22bc5ea2a461da8d5231675ee2ee2.jpg,12
67516f081df844678751db9a8646c320.jpg,7
1794c1ce3d8142649e6d2f1dabc3e544.jpg,11
26b5377e6f3e4e4eb77ed72d18cc5b8c.jpg,14
705b767f3ee542659bea136c25c99300.jpg,4
424b87a9eb364e858e8e41ab2c167990.jpg,9
7cdc9345fce9480491d8b2380a50d954.jpg,12
a2a4b302b8634226a25d639f80640488.jpg,11
4257400c175741e5a433eafb896e447d.jpg,8
a1414716e187468a97552108a2101ef9.jpg,12
540908208ea545be89e0cacda2460bc7.jpg,7
adcfd6094524464fa9c16cfa2d82a2e0.jpg,13
c242f479f5554e25b68aceed3ac1368c.jpg,8
d10d37dd2c464afb98e172f796013e3d.jpg,13
a1476599ba8845a6b36d458f94507071.jpg,11
093f9e35ec4043f5a904bb6819f96e6e.jpg,13
3f6d8b6a1f8349418177004d1a92b5c2.jpg,7
a7269230773b42a888cfb5f9829f95a3.jpg,10
4beecc2b57b146e799ef9d741893c9e7.jpg,8
ddd87f7526f84259b73430cc2aff17d5.jpg,9
c62ce374887c4cc9a40ac130d0cee6de.jpg,9
10771a0ba4d64107b180e97bef7cf9e8.jpg,13
208e7c663ddf4f21b432035217c0f465.jpg,1
21a4eb60abfd47298817eddb5f7ea9af.jpg,4
d7332df2ba9b47ea9e26981893e8127a.jpg,12
2afaa91e58434f5487f5bb5873e5648b.jpg,8
bde087d2b0fc4a7a8167a328593dc87f.jpg,12
b0894039f6c140e1beb5e0f7193fba9a.jpg,0
41d632e7105948368c99a9e7c0d2c820.jpg,10
d64b3189e0684a1298cc9b43881521a5.jpg,12
67cdc3f854dd4e0eb996d0aa1001c788.jpg,8
9c186938e5884099b08fe73ec4f49d05.jpg,0
64e67c04dde843aeb9a57be915a3c62a.jpg,4
911c913ba5434a27a4187e414a731a10.jpg,11
8750b680ab204d2d9414a4b478de1e7d.jpg,3
e00be31663214493b5f30b5f6e07aab8.jpg,10
919f8312da18476f8364739ef3f5c7b2.jpg,7
14d15778546a422ab893379837f8ef7c.jpg,9
439598c11c8740baafe614522719ae72.jpg,10
25566af8f36d4685b6bf3950dc3f7e3e.jpg,4
a908362c904b4b84ba6ec58de4a01d9f.jpg,10
65badfd2ffba450ca83faf3502563e84.jpg,4
81ec4e599930440cbf9db01f814ca909.jpg,8
97486b27eb014353b4792b3500fade7a.jpg,8
256aed03efbb4b7da8df6dcd04976ee9.jpg,0
bcf1be99bf3b4504ba87b4ad99b98ec6.jpg,13
ecadd31277b24bd3aff2d51481b54467.jpg,5
8fa681309ad5422a8ac244ca3e66b8f3.jpg,10
34b4ac2b3b684342b07ce071657f5354.jpg,10
0f21b6ded4c04c41ae5f8ba9081a6412.jpg,9
833b3f4be9a14c74a59584adb6895d86.jpg,13
6a67a664e0254b7fb529c2529c5a1e0b.jpg,8
5c2a6dc60baa4d55990982a7f1d570c6.jpg,3
64577f15a3734cca9fcc7ac6762be1e5.jpg,13
bfc9ee86e4f34244bdb7e76ac8a49299.jpg,9
0d889324c8d04cd8ac7a1dd21bb6191c.jpg,5
4f3fa6a3ffb848798a507837c4873ae5.jpg,7
81589f9caf754110b1db202245230866.jpg,7
56a4a86d5bb744c8bb5f791bf351c3c1.jpg,13
28335465926445c8a317c29283a69461.jpg,11
3ab8854027d8423ab2340cb27b5a0539.jpg,13
c491972765d848f8a71b8cada40e3b51.jpg,5
c605577f56a94a9889ad7575cae74715.jpg,14
ee46c7eabd1f4cdb9e5fba4aeb9861fd.jpg,1
7e1f4a1973ca437b8742998774d7d77e.jpg,9
78ff909c84484b1987dc91ce0920f87d.jpg,7
470cc986cadf44bf804b4d2fdd902660.jpg,7
da097beda7f5472596b14c57e5c9030f.jpg,14
ede4856e264c40c1b494f2322e4ef7b9.jpg,3
0cabacfb7ba04f0782b4b2c74f3f5bc2.jpg,9
49b7d9dfb68746f790f17cc20a05034c.jpg,3
1c69e00068694256bdae6d23a813e7c0.jpg,11
3a19a67a77ca439f95da938e87fbeb45.jpg,9
8af359dc07414a138e1593f601b782d6.jpg,7
3155d01fe14a4a1fb3ef4135f8ebffcb.jpg,14
be6e1034ba4342dcabc1f7b3bafe869c.jpg,7
82768905cf9e40e992ed153c5e84adc9.jpg,1
3768a497963d495390c42642d896996f.jpg,12
93446d1c69cf4c59bfdb399f2a871729.jpg,8
85529de009f14d3aa2b249908558a9f3.jpg,5
77b6ee0a6ae04f439f86dabdc12a07f8.jpg,4
1009c30495f443189dce3d66b0c075a6.jpg,9
3192fda44d9f461baab27f649306a736.jpg,1
f86e06521bba430f9161b92041ed3a9c.jpg,13
45b4d897dba043e8abaf2f8fd746b549.jpg,7
0f74f34a330c448db66edded43471f50.jpg,9
c8a802ee79314ff793ddd491d372ab5c.jpg,14
90693445c7694d2f9acc3274e3f1e529.jpg,0
e28c875a1e064d24aec4b29fc84d9953.jpg,12
524f0944aac34aafbd3487f66f40f3fa.jpg,10
7250548e0c7947e4a814cfb7727c723b.jpg,10
3861e7a8e81e40c28f7238419f0ac17f.jpg,11
63ef3b0bc3204ecaa94f8ce45bae9b9f.jpg,5
f7727adb009248079a482546c36003bc.jpg,3
db5d519a35fe40ea9bd85ba286588390.jpg,1
7fd4a9dcfd464ef591b4402eee7402c3.jpg,7
94077624c6fa4c16afe08be2a3c063e0.jpg,9
b2a43adaf39a4eef88945a0ac19f22b6.jpg,10
bb6590f8981748bf80730b66eabd4577.jpg,5
f59bc88c0b6d4517880f1fac01aa3ded.jpg,13
ac634d3638744457af0509053701b3d3.jpg,12
6a5018219761440ca85569491e71c7b5.jpg,1
3de10a8469024b208933d35c2be3c2c9.jpg,3
4b010ad82a27477aa7f08565316476df.jpg,9
dd6c83f804664e7cb8280033ac816ccf.jpg,13
0682bc45702c421186bcbb71deff380e.jpg,0
4db54cf9c1c4478c97b682160c78e0d3.jpg,12
0ae461e4f3ce466eb13c207e5387080a.jpg,2
9c66ab42f53245908b96694a27f0e4ae.jpg,12
626612268c9c4a88bebc4e79d30d5268.jpg,1
ab74c5ab00d4438a8a77f952fbcb6ecb.jpg,0
4afd4c47ea624e5e9f9c5e49e3e9ce07.jpg,11
0f53027bcbc0429794b56649ef3cd61a.jpg,5
89dec35f4ab149da90241f61fd511125.jpg,13
53a4eb6e93904874938c6db717665a93.jpg,5
b803a771586449c6a44ccd42f44fc31a.jpg,11
626ce6a10e1d4257923a10064d739e4e.jpg,4
5e79092924af4a53bfdb78a85be75b53.jpg,11
045eb9f3fdd24142a976c25affa77d06.jpg,0
f0aba37326eb4efc85f6eba3ff643461.jpg,12
859df7c3f43d4b5fb17e0141d1c8755d.jpg,12
09600a0f0ccd4c48ae8cca57e2b5fae5.jpg,11
c10b79c6f3344590abbb61766ac21500.jpg,13
e88709930015436aad1bea3a7a01b915.jpg,6
7f519ee5204649748b054600ffdb5e59.jpg,8
1b6d2e7166b3471cb5aa1299983926ea.jpg,9
a1cd8b17ef1641e588872a27eb646a96.jpg,7
b6c70f1308274e4993221ca940cf9b51.jpg,4
d3afc01674334a98856d9ff5509d0355.jpg,1
cfda8608a8ab46129f56b7c7cbb6d24a.jpg,13
53b9763626d74a94ae9388e6235917a9.jpg,11
624d1228e68e426ab6ba676c0e577bec.jpg,8
eb08248dcd854623b2c4bc9c25b7dc89.jpg,5
192c6a74174c4aae958ce79d5a90aa73.jpg,13
35afe0f69205485ea79429f5a644fc16.jpg,8
e6e7cdb3d66140898afa5714331e6ee8.jpg,14
dbca7f2129da42b49c3dfa59eeaa4748.jpg,2
2a5d07142add432f8a2c1cfbc684c07c.jpg,14
4fa5f5f7c42742728d24253672354b13.jpg,1
51bf6e63b1834a2eb28b6bf0d2ff8ba9.jpg,14
d16ce184cd7a43669e71e3f7ba260336.jpg,6
2f32562adddf4c74af185833ee9e0ad0.jpg,1
cb9e5d3cbbd0427b8ab705023f08fa57.jpg,13
a4d77dc055674d228b6e69cf48ed5504.jpg,13
eff6f20b735c47e9b7da7a21c79cd273.jpg,14
ab8d858dccb44558bab04cd94bee1083.jpg,4
d6f67a0ff1444e918ef2abcf56a236a7.jpg,9
2daad95492d94154b6f01bafe5e0f51f.jpg,4
fe89e5f14b1d45539efbdb39d6fc8b33.jpg,1
521b0d43465347d3abf8788f52a4c2ba.jpg,5
ae7c3a162c0140c9a841c9ae2a7c53e9.jpg,7
e1f5062d58cb4b48be20274258a43d3c.jpg,14
737fd1bc6fe043c3a015af9793fef237.jpg,7
06230fb3c29743cb884dc0a8dc022bee.jpg,5
ece71dd425a5437298308c48ad9cee61.jpg,0
b8199ad05c6a4225a99a5bcbad2f5078.jpg,1
62f69d5c90a74643b4a962bcf6e625ba.jpg,8
3f8c414667234c2bb648cef098e75da6.jpg,5
39b6b0ffb6ed474d83854b32d778aaa0.jpg,6
6ce32c87f90b4d5b83be00ad544cd2d5.jpg,0
ef8c6e378f6c4b59a2cc3a8b6e711c07.jpg,5
fa3e3232b386445c840bc0c0399c5a8b.jpg,2
383d5015fd7841c3b1f9954d80954d09.jpg,12
036ee04f60084946b50506c865591768.jpg,13
68f1c974b38a4afdad610680b66b3a11.jpg,7
1f5c7d0cae7946dabf7093fc14e3abb0.jpg,13
6d9c1084edb940bab2b16fb9a51ed15b.jpg,2
876d987c9dce469f8d7007429b8f22e5.jpg,3
cbf6138efee04518b7dcc4c5532842dd.jpg,10
bafe7c7952e14f1c9e12e45ca096a922.jpg,1
4e609c7df941461cb02c790d2b382ecb.jpg,13
ac0d245e440f4574b8e44df1c77700c1.jpg,3
398160fa5cfa4fbb8853e4aeefceeac6.jpg,8
c0e79ae44cbc42c2b5e5ccd60cc0a0e8.jpg,3
50060c4550234201bb09855803a59d73.jpg,0
af5d3dc98a2647519471623850b005e3.jpg,2
aa6307ccebd6434291f1da874e4c200b.jpg,7
f13cd5c77d734d5ca735c0d9633cc859.jpg,7
8eb82322dd9841d18121bfb83c3a1f85.jpg,1
8d4c7d02815346608655ae0b36ffd779.jpg,9
4d7f1e023ff44efc8a5dc8c0c298f284.jpg,14
153f5c3c3a5a4fd6ab543d8237b03b56.jpg,10
0e6da883ead04365a0ca8e904fd35040.jpg,9
b8b36fd1b4f74c2d9da4c85436d216f9.jpg,13
62a8d5c09d334e62bfc7933b3a8514eb.jpg,5
cc01b7f07cef45c79811c51074d4764e.jpg,1
c7733d18da88453da2a788a4fe481a0b.jpg,13
88c2c8edba1846cd8d2f7294bbcd5351.jpg,0
08237a0d9a2f4e9390c92752f9581bd0.jpg,9
b33c934bf84a4b2d9a637da3ed46f5b1.jpg,11
258277acff7b4eaf9d463c7e6eef1525.jpg,5
81782db9c65c418a831778ca34a8ef2d.jpg,7
5575c9af51d34a6fb625b4246fd8039d.jpg,13
35a659d281254a21b7ea8390b227b715.jpg,9
c06a8fe75ea14947b8acb5df908095d2.jpg,1
52a9b8f5405840cebbd139d0d0838dc2.jpg,9
9fbbe25e9eca4d0f9c29ee4845a05994.jpg,14
232877b2ba4949aebc71368c689637c6.jpg,4
81b4a3293fd6428ca3edb791b3a0246e.jpg,13
2bd2477a16d94373a4e29607f2e2d0df.jpg,0
d0655558bee7482a9f18e66a948b885a.jpg,11
8fea857994e247148a9198dd0af0e203.jpg,2
0da12bbcad5b4e93a7a7a84565b08c0b.jpg,10
46466f626e52432e801db5c345fcc61c.jpg,14
faec23447d6b49bcad307f930c5f88b0.jpg,3
916af4f03b1c4a15a9b5eee44a670c36.jpg,14
05383f4c86804a1cbf8da9de6d80dfd5.jpg,0
a0d9105115024862a63dde844aae2bf1.jpg,14
c86859988a3848c0a991c93c01802fde.jpg,13
0aa8ec5bcfcc40f7aeaba7534bd3c583.jpg,12
bd11fbec802945c8a1dcf1c44e9d5901.jpg,7
a5d933ffa53240fe9162ef7475084886.jpg,6
2472bef943ca4167a34ab295b2c13c02.jpg,8
1dbf3f6c18c44c73b02adb929ff453ab.jpg,12
09f216bb2a3a4c5eb5bd6927cd4f4c5f.jpg,12
1589fc85fe104d46a6aafa4ed5bbeb61.jpg,7
a77b1a6a7c4343fd84f4c0bb88b1300d.jpg,14
7cb74442009243b3b15996091c9152d2.jpg,2
db8ab2d720644a1aa3c178465b765ee3.jpg,14
0887ae159b1e4af5af09d0ad3217a6a7.jpg,4
08f70d1a185844b1b915f70c0dd7e197.jpg,9
942c6278c7184624a6211d19986bee6d.jpg,5
f258657dc609439a88eae28c34a18d29.jpg,8
40ebd53f2a7649588aa8885ba78d898b.jpg,2
c48eafffbc6645c4baada63c212db2d9.jpg,4
e3204140abcb43fb8bcc563602e35d92.jpg,8
b97c9c00ffae417595da077d9b8cf753.jpg,6
64de7851b4ba43289620e662f5b4e6e7.jpg,14
949ef0ff627a4df4aff507382006088e.jpg,12
f99947dead7d45f69c69a5b9a4119167.jpg,5
7f18466784f44864b7b5ff1b3a374135.jpg,5
14d2c4d68210456eb02348cd945ca3fe.jpg,13
9f16ac379edf474ea38fea5fc3986452.jpg,11
dfb95700123c4128a2a19d3e858fa013.jpg,9
4ba039cdf8394bb8852d95e33566947e.jpg,0
ec251cba04e147d28edd38e02d91a7a6.jpg,7
cd5ca89fb08c4868b5c64c807015d08a.jpg,2
b1903242784f4c72a125f853511d2281.jpg,4
31038c7bbeaf4e1cb8411f0e882e26cd.jpg,2
5af21a92b695485a94d0e5e4b2583400.jpg,6
03b5651271864b7ab61e5fb06a38e907.jpg,3
f28716511ecb4c599fb2963ad7c05902.jpg,4
3a8317ab062547d081a63ae1064a7d25.jpg,13
13af6622c130499ca87b5302155b9518.jpg,13
443dd2bf3e1241b19ff46ea04e0fa1ad.jpg,12
eb02c2cc4606429fbfbf08fbfbb48a18.jpg,5
2ffd31cefc3b49618c075ddfd573a699.jpg,7
4e96b652198945cdb6be30ce9af5785c.jpg,13
217d7af0e7564a4bac61b4e8c9442919.jpg,12
93b76499405f45249476fa635ddc98c8.jpg,8
7c57aa80c2464f809311235106c333ae.jpg,8
866e665950e44102817896f3d3ae4bc2.jpg,4
44dacea1da234dd298ec3c9f048edbc1.jpg,12
57f5fa5be7374edbb76b3aa630195a51.jpg,8
bbd106f4c5524b05bd306b4905e93ef9.jpg,2
102ba50af0f742a1a910ae3d99225440.jpg,10
e8719c799a484c2e8ee39a1e2a422fee.jpg,12
b726a73b9a00457ca726ef21593cbac8.jpg,11
9870a940da874c089b83f76eb76e8a3d.jpg,3
862b479004a94f83b245684a3776c6b4.jpg,8
dd210f5aa6fb41729286d251c2b9e1e1.jpg,9
9e3175ce5b494b1ebfda4f5ee99bebba.jpg,14
80f544fb13794b529e5952ac2a1ffa1c.jpg,1
3460280f3411411e9952314bcda576ad.jpg,13
913b5ea426764e34b11a1a05c9965b71.jpg,4
0dcf25f745ba4448bb2c5a6d033cd1e4.jpg,7
625ed416cba14b99b36a25a76a2f2b69.jpg,4
76658bc1cdea44f2ba2e492b34c6f0a9.jpg,7
c1c153e2134b476fae209fd7dceef8ce.jpg,7
cf1896f635324c50969165c86cb8aebe.jpg,8
ed9e1ce26e934b208405e94eb2c1a0b6.jpg,7
0727123518734904ae75177a04eb0703.jpg,13
8f47b3cb4feb487a97e213f375382a76.jpg,7
2b077116b2c04bb3bb51ffefd798ba77.jpg,12
8beafbda418f421289fd54cb45b9c2e9.jpg,8
140b81b446024f7b8dc29335265d3bc7.jpg,5
a23facef30dc48b68d1025f9b0ed85ac.jpg,9
ef1fe4a774554a7b89dd37ed1e5ac66c.jpg,10
2b182cc92f3f484abdad435e885f8241.jpg,1
b80699cfb0c84451b0709743a6ee6996.jpg,11
dd76c792723d46a1960cda353ddd54f8.jpg,1
1e4b3a820e994e46913c51556e8231de.jpg,12
7983273e14dd4e3aa317a1b98ffa615f.jpg,1
6b512d28203b4d74a5f29351bc0a26fa.jpg,7
be4baf08b5e54404b99cf5ba24a7fa2b.jpg,12
387acb3734dc4a94ae8796be3ae84aa4.jpg,14
84e422fa5259404fb07ce978af695682.jpg,7
5f7d17b900c74493aad02f65a9665128.jpg,5
1dac02a3bc2b43569ad088decbca9e3b.jpg,11
9120de11dab24aeabfbb3c26293ddce3.jpg,10
b6c302b822894f3ea3a3d119dccf11db.jpg,9
55d346e06f9e4583b4ffd3dd04393b5a.jpg,5
8a8ff1009e6741af8c0aefcde2b53628.jpg,9
3cbe8afee8ef4d1bad0b948ee226fac5.jpg,10
bd6eed1134f343158a86cc1483eda2c8.jpg,7
8e03f2197e6442db95643f8a559e14f8.jpg,2
36fed4a6cb4f4dc5882baff2130c65d3.jpg,14
55e2ffced7ad4b65b06722fce09422e3.jpg,1
34273d2852c441058ef84ed0ca034a5b.jpg,2
e558cf94ccd84e1db0c477bb95a7b623.jpg,4
826d5f01b9e64c0dbde69f86f50fa29e.jpg,4
46531ad848354cec888586b6769f6cb2.jpg,1
cfeab9d1d7e9405bbc855e909a49b795.jpg,10
285e673ea92048149a857fed662eb46c.jpg,4
d5d3d863c72f47cbb27b9df008e00f02.jpg,2
215c9f9517ba4bf5aa2577959fca80fa.jpg,12
64db897edd2c42498bc57dfd4463d113.jpg,1
2a1c33f424ac4d00987b15085d98dc08.jpg,14
53eded3ddd644a75a14b9956ad221f14.jpg,8
5bcd998e398e4703aa9ca95912f7f986.jpg,12
2f097a59b0a5422ab55d0ff2b7b6e087.jpg,12
a459c1ed345c4167b13df4e1bf66117b.jpg,0
0884548827434536ab13e7371326a2cf.jpg,9
0cb82322826a4337a6b3497b5cbaaf4c.jpg,5
1ca1b27b58d2447cb4365d9194c41d40.jpg,14
0dc674f38f4f4180907b6c7e65adfe06.jpg,8
4e50714784094a5e91b0505244b6073d.jpg,7
610b1f7c99a94cc497822100e3d62a6c.jpg,1
99c38d795c2442a7ae0e5cbafab1d18a.jpg,12
5fcbe0577aa543d5a715ec07e9107eb7.jpg,13
876c0829e16a46ab8d6470d1ed21f2aa.jpg,7
056c9180e6ff469fa5c2979190816d1f.jpg,5
c5ce2c246bd4438299f8e4192a67b9a9.jpg,11
a8318b00fe85460fa9b098abb17503af.jpg,4
343c5f49254a40a5b099cdb86542436b.jpg,10
483f5ed397a942108571d5a10ed873c4.jpg,3
42970fb388cf470597652a63ef1c17b6.jpg,9
4ed867cee1b44d20b68d7ddefb4dd1f8.jpg,11
7dcc911e803a49d7a635f7381405b2a9.jpg,0
a59453b0543e408493ed9480a80a78b0.jpg,0
4a5ad7ee2ad74b09a301118c185c5b91.jpg,1
a48d3fd18efd4f5eb73dce0d01d77134.jpg,14
66693590110743ba9538ad0b1380381b.jpg,12
f306870bdfb34dd281492b33277ad769.jpg,8
863f34fc77fc4f0089a0b631c732ab1d.jpg,1
867efb7bf7ac4afc90c4d3dd10dfd5a3.jpg,0
5ad4bf715cd440d28a08b636b273efbb.jpg,0
fbf1ff6068db4052a3f43792d445186d.jpg,2
9b082fb70a6240eb8913f96000a7e07c.jpg,1
4cef1aea61b44aceb6fd1a5148b7462d.jpg,7
aa9b952fc06743b5871921138184454b.jpg,9
1a15781a3e454fa1b5c050503d9d2b9d.jpg,12
0a06ca30553340b887912066880c21b9.jpg,0
e7c6804e7aaa4062930f6a3bb79d55de.jpg,9
b826f38d292243fab6ffe5f13614f0d0.jpg,9
5b889cb6c24f421ea76e7d447a72f0e2.jpg,13
60fd442f075d46ef964a99184378b3ce.jpg,10
522fc5c338a240c3b8df4b496f956c8e.jpg,12
aa78d5d5757c4948b62a1df6f59d86fc.jpg,13
7a99b79fceab47c3a0420ac573925d51.jpg,0
230a37805a1045988f0f1e40323030bd.jpg,5
b6d2b68532334164ab52c4aeeabfaf8a.jpg,10
4f0c20d56ea840548300994606c78b9b.jpg,0
9af086801f3042a58b99b9241446da86.jpg,0
3a5c9981c9b445eaa546ad352693d19f.jpg,1
b8d69a6e61e84ac28358669172ae8b47.jpg,2
d17697bfa49a457096f11f00b8b4c982.jpg,5
d58f9eaa6c4f422e8d9c21fecaebdb39.jpg,4
23caf7ba78984c098c27b64bc6868205.jpg,13
d6164a6410e84c959cb993a128728a75.jpg,11
317ac96b6cb74d9787ac3eacd9825624.jpg,7
eeceb20a1ab54925b829a069bf6860f4.jpg,12
763e8e247d7249b7b3197b10feeedcd5.jpg,11
7b678975e3224f8082b596538831f9b5.jpg,5
ab7b728769eb4208b9555a7f5c146fad.jpg,11
191d1581657a4bdcb42b1bfdb2fd0c62.jpg,10
043ebe1b99974f5394ea3f9e6e5cb372.jpg,10
2c17fff1bfd449f5ab413d5ee530a92e.jpg,3
fc85c1b9a74a4618aec7b3b9937d6550.jpg,3
3bd29c52b48f45a3923219447a7024a5.jpg,2
2b2404a160034acdace6734efa3a7622.jpg,5
0bb3b2289f244ce6b9e28e3c3f3327ff.jpg,12
c80af8168cd0407b98c5e9c8c29cc591.jpg,0
e0f127aeb6ab4c30bcd816bf57c3fff2.jpg,13
cb0fd79029ef43ca81854d56c103f122.jpg,0
b91589cb9217484cb5d5ffe4646db1b0.jpg,12
efed7178beb7415b9cea547bc32c4cbf.jpg,10
c46d6404e05a459a8979cef1a9b7f17d.jpg,9
7e3e733f4d1e4f07a6290c2b234830c6.jpg,14
5c5f9cc794c44e4bb06a98d4e1f237a3.jpg,9
f97cc856ea444719a4ad4e5dccd3f007.jpg,14
67e11f80fd93418e88ccd7b9e7121684.jpg,4
6a378fe49936490690e03e59c0556e42.jpg,5
2363a8d26fdb4f82a7768e18b9b92b30.jpg,10
01adc144034843f99577d8f6328b64de.jpg,14
24978c66ea154cd7bdd275dba4214fa8.jpg,14
12c7a9541919430db74c8e945414dcb6.jpg,7
ba7afcc8ba9f4dcaa213576bcc7fdcff.jpg,1
d2770718395248778b4ab40585d3d419.jpg,11
ca1b19f03005472582038bd7e7f1fc8e.jpg,0
f5c9b064b05040c0a20c2d2c4095d845.jpg,14
1bee2d5e5ff0432fa6655b10b13593d8.jpg,14
f6817fe03f0d4ddaa54322b80d2c6ad4.jpg,9
78c6f67de1c8404593bf7494e0ae2376.jpg,5
c65394d8255c442ea199f41d291955ba.jpg,0
b987fd622f4349c1b9019cf8055cdc6e.jpg,9
cd218b5de8d9413cad554637223b4424.jpg,4
e13981d220744e6c880c3e10da2b1cc6.jpg,14
611b49119a7b4fe8b7eb6ae0cfbca98e.jpg,1
25edeb37540e406e9b19fbf783da6199.jpg,12
ef85d623c1f1488c80a07fbdd4523147.jpg,3
18c818e9f9e34b47a82be81e386f8577.jpg,12
db194a9e41c447398306121585840087.jpg,0
132d7a1a864f450dbd84ddaa4ff1d0fc.jpg,0
b0d16c645e9546669217825ded30b90a.jpg,9
0bf600bd49eb4fa68c176a3fa45b2088.jpg,10
ff084ba3241f4b14acd41af2c8797337.jpg,4
23cc503ed1a544ffa9a144f82d431e61.jpg,7
565859718c8440ecb9c4ef4f31af4a41.jpg,5
5cf6654f228144b48ed87b6a0a2b8807.jpg,9
8dc937eddb5a413c9dd4feb5887f61e7.jpg,4
100cbe423c3b405b866a7fcfb8cba19f.jpg,13
7b91e19683604fc8bedd576bc668658f.jpg,4
cb853dffafd245c1aaa961563e5d6863.jpg,5
62003dc245a14003ac32c8eeeb5f46b8.jpg,13
0ba676590f94457a93252d9c143835de.jpg,2
c45b9634e8524b3f9b2f0c480ae40bb0.jpg,0
cebd0ebf29de414b91cff7700927b88c.jpg,13
ecd414d699ee4181957c1d60c05a4d97.jpg,4
86c4d92cb16c4688baecbe911ab765ea.jpg,5
8dd0604570b44484aa9f2402e780dcd6.jpg,12
896c312f4c754888911001fd98c21fa4.jpg,7
35e50311a1364e32aeaa96c481f7c706.jpg,12
9b46061d255a419099fcfe46bf347969.jpg,9
7e85e694150c4875beece38846b0009d.jpg,2
6516c43b0cdd445290f39aaf1cd6160e.jpg,7
617c674a8c3a4fd0b23dafa30695511e.jpg,7
58d4af0a85bf4f319246f6354bc6d43b.jpg,10
60be5b872bfe414290658f4fd928c5c8.jpg,5
40871aec774d41909089ad6959d2e9bd.jpg,0
f015b6e30e724420b61466d5c8d1c3ed.jpg,9
19f15f3847924bb796b541dada9c889d.jpg,10
9ea667fc28d949ffaf5a9e991cdd801e.jpg,14
6cb6127efe1f4d0e9e5a8218ee846b0a.jpg,4
0c1ac26b2c024e0dad9f4622a71ae4d3.jpg,4
0742d76a69a042b7a282c1654f71dcf6.jpg,5
fc11e56e179443218bed698a2c4b0004.jpg,4
dc7e3bff080240f184499d097d71eddf.jpg,0
8007af9ab74544af92a887cccc8a0a23.jpg,9
e5bc3834c7ca47b1af078ad970c2ff30.jpg,8
ccdc92794c88475bb9078a50210f93b7.jpg,0
d40e38d4487c4a51a3014af1bc2c5d49.jpg,8
b847afd0ff2140fba8b780a7e3148a04.jpg,14
cdb0a100f7ad473fb4009ee7b4dc8366.jpg,10
05b105d002e34bec9753118e9d7a08d0.jpg,13
e03b69a0d1eb4950b8b5dfffa93e7b41.jpg,9
2264256ac3464d34bf45868276ec769a.jpg,14
9ad00573e61e4da6bad857454f7369e8.jpg,0
e6ff9ff40f69402cba6fed26b96d7ab8.jpg,0
1deea680c82c472dade2cf7a175d68e8.jpg,6
c7201c808a9546b881c146567a039841.jpg,3
742260a8ae144e5a86746039d4274aab.jpg,13
a497d76ba1f94354a7478d714941c00c.jpg,1
47ab5f0680774470b45d9851e7183117.jpg,9
60124627df4340f4be7953fa3b70c753.jpg,1
219786fa1669491982844f4ed98078be.jpg,4
2c271079c465403785efc48feeb39749.jpg,2
1e1f2e6a42ba43558a942f356098e0fb.jpg,5
bfa603a6d1494fc18f77bf9e296827bb.jpg,7
2c6015b2c1d346448e1f79463165ba42.jpg,2
124a75c2c3004988a88d1af845727866.jpg,14
3df609c1ce864b5eb237e34ce5dfac3a.jpg,0
045667d969064a9db7939dbd11916966.jpg,7
b9702e018add485b801c844caf3691d4.jpg,2
b5e0b1123b184a3e825f51efab007cab.jpg,0
58f29004863847459db30970e03787f0.jpg,12
f95881bd94a64d918ed2495a91f9fa02.jpg,0
770c1c15d0704f46ac8c5986863b224b.jpg,10
b5015cd4cd414e1f8d38b53929e37a26.jpg,3
81bbc5ea4b3e4af68eedc7f434a325e6.jpg,10
6e533613ad7a4db58710595faa3ebc07.jpg,4
a129d799d2ae44b7b01da836a2cea896.jpg,7
c5ece2c34719467faaaf22825da1e606.jpg,1
9ced1e11d9234a2ba53e8be53f87b7e1.jpg,9
3ff52177c31e4850b1363002db6fd52f.jpg,4
b2b8df512c774dbb882701a588298269.jpg,1
3233cf7702f642e4a5eeb9fa53eccc51.jpg,12
9df7cfcc77bb47eb9ae0f899d9adb157.jpg,10
fb0243bcd73a45f6a09cdfe1ae922998.jpg,8
9d5545c3fe794430b459c860ee845702.jpg,8
7af5bd1d4d9d4545bf5d2c9521b421f5.jpg,5
5973d2a4cead4b0592e3adfa89c61122.jpg,4
61314400c7924e1e812830506653fd21.jpg,13
9d9c3ef10b6045dd9ae3aba22726703f.jpg,11
9a6f6b28fbd940d9850987377cfc83a7.jpg,8
b5ecc86171b14dd7a24e247a0231dcd3.jpg,0
f5a21724ff9541c0a83ac8f088f4982f.jpg,9
9d31373678ac4c808cd58204ab880510.jpg,0
260d8c05d2ea44b387b7701d0f20bd64.jpg,5
09eae696362246fa8b0ec27b19ddafa7.jpg,3
d88d44ab4fb748e184e871a26310baac.jpg,12
2377d2f4f348475192439481223e257b.jpg,12
8d9cc48ed7c642718996ba6f76c955b3.jpg,5
a7c00bd0c04c4f69b885daac075fe86d.jpg,12
5efc2f48e1064b088fda075e12649816.jpg,0
d5812511a73a4f6f987cfdd0b32a3681.jpg,0
7258d3a0c0194eff8c269b129fdd0308.jpg,13
9f32ae16f4844dc99d34146c2ee51ffa.jpg,4
06fb9045d4ef494ab0f0ec4389097f21.jpg,10
43d58affbc5b463f8d29416a7bcf6096.jpg,6
f64bf77a8b364551928cfc47b6e022b1.jpg,9
2882886f9b544757921415ce5ccc8fe4.jpg,10
2d95f9fb13f948e0b2f47b573b74d348.jpg,2
653e259df24246e9ae18864e77f4b9c9.jpg,9
511fdbce40e648dab9c5f7ba81b0680c.jpg,9
f05dd94600bb4dce99be7f716a23d316.jpg,10
f6bea739cda44561afe1760b6593b21b.jpg,0
1489d655b8ff4ab183e7cab8400168c4.jpg,2
98ea924def024820b1f4e9eb734156ec.jpg,7
442d13eea72e4eefaf09d2631d458875.jpg,0
cbe6f5eaeb844b7e822113e08904c1c9.jpg,8
ff41853fa462445d86b9105b082a3e86.jpg,13
d52306a818264242a63635a3d9f9dd94.jpg,6
f15896bab72b4957a3afd61eb358e6e4.jpg,7
f02229cd3d8f43f9a6e3a2d50c046340.jpg,0
c1375c3efff3444daeaf3988d3e0fe7e.jpg,14
9af9983e39174eb397218e7f6ccdbfd3.jpg,5
ae636cc2b06f4868b3c637e105210d5b.jpg,13
b538639eea0b4b888c2e5ace87c2ea7e.jpg,0
7b69a39029934bbfae4b05e4620d02dc.jpg,5
5d2f7b90b5d44a7a8424081ab5162cda.jpg,3
da81aa0170054898aa1ad5112a7f3a42.jpg,7
66d8ece829c74242b243e0c05ab776c3.jpg,8
600c6b231f1e48a6a2b89a49bee4ad97.jpg,13
7b77a07f116d48578da220b131a694c9.jpg,1
0efc040a3c7640418b78c4c937cc03c9.jpg,12
bcb6ab47430348a6b32e8536c6f88867.jpg,5
1ee827cdb04c411584fb7671d34defdf.jpg,13
69f1f607a7eb4bd89d59461b97d87b7f.jpg,3
869c1098f72645a1a9d0d4215daa9fcf.jpg,12
8ffbd09e3ef3449191a4e55a06ece3a5.jpg,9
1f5f4a10fa2049659a98655a0263c96c.jpg,5
1b4a97dd66164efb859bc7cd65f27f56.jpg,12
9534ac6adca7457eb4e3d09c6fb80516.jpg,7
3df722b07b294966ab270a28d7e3c836.jpg,0
43cb55b4ac0e453c9b2fb0f2a6f73da4.jpg,1
39d9648e9f8c45599daa5729b0af67b6.jpg,4
aa910e10054843a68f8df7855533df1d.jpg,14
35520aa9ba3b4c129acb2b104b2395e3.jpg,12
69a5810fd7d04aa391799b994fdf2e1e.jpg,9
b1c70b84b3514d9e80841d2f22db7dc3.jpg,9
116eb50c7d134f9783ab91edcdeb91ae.jpg,1
0a27097bce6e41c997fc446953d83243.jpg,8
d387d985e07b45bc9f1e15dc91a39ddd.jpg,5
87c2204c3e4943378b0b045867ec527f.jpg,1
7dec18c4e2c14866b9b06bf96ca2dc24.jpg,10
33f1473d66e1436989cf6f3f0ae14bf1.jpg,5
1ca20f378c5f448a8c884c2758156a7f.jpg,12
75473209e0574f1186c605def8a5faa6.jpg,12
e9ce822d87084d9b86196baae488ffa0.jpg,13
a0a68ad0856849999a32a1c661eefb0a.jpg,2
a8c02463795a4a0b97452dcdc421bbce.jpg,2
e897ee4ad21e436fa21ae5dd1a3169e0.jpg,1
9dcd8aa84f9f48e581e91d2e9a35b98c.jpg,9
443575cc2aad46b4beebd21ee4f0620c.jpg,13
e3888865d8aa4072b30162e198f7be41.jpg,0
96d2f3a34dac4479a96cb1caa59e6349.jpg,7
84a3cee8acfc4490889c155cb0046850.jpg,1
aa946c3b583a40f983e618a12c78ccde.jpg,1
611c1a5e598645e595269e07470d8e7b.jpg,9
37ba1c42dbb54321b661f6cce4bde333.jpg,14
ae0936bf40634dedb9d9b0a913a69b81.jpg,14
8127a31b076c46af9404d175fc9f1284.jpg,6
019f270094414f17b207044416b96a97.jpg,4
c7d49656f1514398b930f44f5cd7c738.jpg,1
2744d1c6e7cc442bbd47803d34f7088a.jpg,1
9cc62ad40ee74d1981828d3f346b2588.jpg,12
6f638199138b49239b3e4a5f1d1c6ff0.jpg,10
cc5f1baa624d48c0b30b3fd86b5e79db.jpg,0
0b05a8b4e2854fccb7b13f5c279464e3.jpg,8
aed9b586460c41bd8953699efb8a6d5d.jpg,1
3bfa191bffad4b31a79c1aba8164bacb.jpg,14
b3c0627a41a54b8cb5698bfdbf0b3945.jpg,1
19a76d6ddeed4129912ff24b8b75f2a9.jpg,7
1a44721787b246f4bc6c60855d12607f.jpg,11
510bdc7549be4e86b2673b94ae018def.jpg,7
792e6fa0d6d646cd8aa118d7be4f61f1.jpg,10
854075b027ba402a8bd1aa38b07773b3.jpg,11
2ab71d518cc34a28b4c577c0c4a0524b.jpg,1
407dc8a573a646789e99050def6e54ed.jpg,9
7889a15c0d054562ac65dc34714fac3e.jpg,9
0adeb7718ec5403eaa6097a90e8e70e0.jpg,4
be566db6bdaa4aeeb0d1b99a8127e454.jpg,4
b05d3a053d2248c7917d6c4b7abd3f2d.jpg,6
4906a4ac9ac14ac0aae82bdec817255f.jpg,1
73267d704eda4078a895675799198af9.jpg,6
044b63f6967b4b43b9162e979d8330c1.jpg,11
bb32d566a5a64665813cfba86f14b36b.jpg,3
7e8a2c7cf97b4d11b19522f29df5da9a.jpg,2
0780e92558d94bba88c0e0db950257b6.jpg,14
1f2bb2c53ac741c19c81aaade781971a.jpg,12
9c9b7e0c2735428fbb444aaed0d929e4.jpg,9
a941d6fb9e704899b37121c138d50a75.jpg,14
013af95dc828483a93e6f4feb24d2c12.jpg,10
8275c7032cc84fa4b5ef02cd31ef2390.jpg,2
98a6da3f49364759849551f88ba736b6.jpg,4
79af80a387be4244b9ec19b1318ce91f.jpg,1
3637515748204b33a0ff5e8821bd3afc.jpg,1
0209ab5c5d8347c0a96f41cb35c39f1e.jpg,7
22da4d4d2bf944299e0ded6731d2ea5c.jpg,4
8bffafdb535c443fa5e4b33297fe61c1.jpg,14
67ac30d5ef3641b9a167b1d7dcaf8f62.jpg,4
158e5b1a2b86461cadd8c86873ceb77b.jpg,12
2c80219e28684e03bb5d33ce046f755a.jpg,7
beaa3eb7e38f44a38ade81ee7ccd54ba.jpg,13
63aef98f0a9148acbe1cb7bf4711747c.jpg,10
c52a8036751c493a971c9c93fbe6eee1.jpg,10
3e1569bc286c460ca44d81ed09758cf8.jpg,11
60f381d9aa75480383338487de37cf5c.jpg,11
86517d03abe341fd894d3e566b93c1ae.jpg,4
57c08af170eb406282fdf59a913b0fae.jpg,14
2291d879d0054785b4a7d42060dac610.jpg,2
280fbaf9e27c421cbe26bbe3c03d8416.jpg,12
6dd5f8a7c0fd47faa264cbdfe6c4b0b0.jpg,3
bdf79f1f5f46499aaa4ea956112e942c.jpg,12
0b9f354073774878a985669b4a0f53ee.jpg,13
d678193702014c138a8341908133fc32.jpg,0
1e0259dc5efb4485b8a54eef56cf8ae9.jpg,10
6f07e4c0a09f46cda19743d5365c81df.jpg,1
161fa46f1f7d43d6a3171b0683e62696.jpg,10
5736edf2f6254845b39b5b3d52a64171.jpg,0
81cc50a8fa6a4b9ba99f18d5c4376446.jpg,14
d6b129796d874b3f95949d019e755641.jpg,4
d384d732aa43430980593a3af8d942f9.jpg,2
7dc307e8ac1f40ac85d9b567218caf35.jpg,0
1d7f43b9d0f7420fb385189217737082.jpg,12
9397fd0c58b24256a028aefa38f6bfdf.jpg,12
91f335a76ee241bba7511c3db87ef034.jpg,9
635514ec55814ee8b8ea47dd5f3ddbdc.jpg,11
cc09c2a4d4e543178537e3beb466c0a5.jpg,14
05867802e7e8424ba133ac2d3c24c9ac.jpg,4
ea6ec259cbc04f4a9ea1d69883b455d7.jpg,9
7072b8c40c33415d95a8b227103a1c3b.jpg,2
720cab50fadc481298d424f03eacc20a.jpg,8
42fe10f05e7d4555b35c714e00ea8be0.jpg,5
500dbfc02660465eb3e0d615135ded02.jpg,4
b7d9556dd68e4b059cf226c511eb2617.jpg,7
501bca4996564da6b73db58c990fc60d.jpg,4
ea08606ca0bd418dbd31451fe7560201.jpg,11
39a3470c2c8b4718b2a04e80db6d2c1b.jpg,14
a7e71ef3eb534f4aa1a64a9c0cd4158b.jpg,11
21cebf8372a04f2d99fefb5fa91be529.jpg,0
828f6f35321845f2a78d1820f496878d.jpg,1
c0c9ec45c1f34a1382b98a4feeae434f.jpg,5
7f193c4e43fb4da2b1716c154ff8685a.jpg,1
d0367e954c7a4c8882cd7b359751b2c9.jpg,13
76de0f66fa774a6abb1815773ed24cb4.jpg,10
8944fbdccaa841248bd20a521037272e.jpg,10
b1a09da3d21a4737895219cd2906869e.jpg,1
7fec079c7fb24bd5a5ee53f1c936a14e.jpg,4
b4ecb7128ff34d38883e95e7e8b81ed4.jpg,1
2090b1b7b319476ab59cb4d3124e4a07.jpg,9
a3954c36069b48bc9939070b2a56ab23.jpg,14
dfec69b41cb344e89a320330228a49f3.jpg,7
ec28876e0a724b13b855fa1db3def2d5.jpg,13
6dfff04c50ed4f72ba994dd2929c7886.jpg,13
5350e6bb03bb41fe97a4c1731381ca5e.jpg,11
ff049835c1354205b453606690743177.jpg,1
8c67029e55d24d29a6c8921c99d0dd6a.jpg,10
7d3235e21b7a4dd8ac4271739147533a.jpg,1
19ef876291794308b26b36bbb6333d05.jpg,4
3725ab041a694bdfaee4c44bba5daf37.jpg,11
b702b8ba606c4d9d9d250c284d2523ab.jpg,6
690e883340bc45998690561e70fcd633.jpg,5
94957f341fee462bae2166903dd64335.jpg,13
895ab2ab6e0046658de86ad6970540f0.jpg,4
c922b25764d84ce2918e9a0ec6a5a8b0.jpg,8
13d8679759dc4780a28ea69541a0a3c5.jpg,11
8b42f13fe48d4801a8df6201d11ba1b2.jpg,7
111a2281c86549ac8cfc9e51064c9655.jpg,2
623fa90b00914e4fae16ee692af8d127.jpg,5
813ddb71bb7a4725a07cbbdc17d801e9.jpg,4
b3643c7a0dcb4466831a835bc36a2f54.jpg,9
63e75a9a4c874ea884ac01cc52f49042.jpg,8
80a3df4c65e34fb3b9b8302eeff49039.jpg,13
201a78cbf6864a3b9c4fefbc698fa276.jpg,0
07d27f17c3304712a7638683b058c96f.jpg,0
ede8d64644194778927fe63022d8a8f2.jpg,12
d1e526614b41470aa516b74a1bd92dc5.jpg,8
5f403e7d785b4a119acf0fb25c27f673.jpg,13
4ea1a3c6f6a44bdfac29c16ad8bdd2ff.jpg,3
a99ab45601ab45c3b09180bb2adf06ed.jpg,0
880b607e23fd4da4b78439579105a4bc.jpg,8
1efe876fbb6a4919bb067de601259795.jpg,2
a0dff0b79402470bbcd7cc93d5e475e8.jpg,1
3f52165ba8cd4a14979da60a5fdc604f.jpg,8
c840964e895440d0a8c7a1a4c24599cc.jpg,4
fb28cedafcb24cff9ed66b766f5cebcc.jpg,10
868208dff1d84e858d61a04b5ef5ee59.jpg,1
45cf1637a4b643c987991563ca2e19d4.jpg,14
95b1660628f9471ca119a31ff165da6c.jpg,1
0ab94627b9ca40cb8037f6ef65a514c8.jpg,1
d72d10a80c38489d9a032170ad4affc3.jpg,11
0aaa9f6bdb5340368d996f4a2d59a562.jpg,8
a616f6051e2c49c7961ea2c303d20c81.jpg,1
09ac28f86fef469f900706d44cde8e87.jpg,8
b3fcba02c7ed40e480575a5ccbd748cd.jpg,9
08ec78b1fddb4ad0b11382858f4e5938.jpg,13
43ef21cb50bf47aaa47a409ac22582be.jpg,9
9ffc19733088489d9fc8ecc1bcfa74db.jpg,11
67044516293640aab0869fe40ebcb387.jpg,12
47b33edae48d49b998c0e0f64ec59d67.jpg,1
7a6eaabb304e4184b9eb138732cae54c.jpg,7
18fa320ca77947029184353a30ad3803.jpg,12
bfeaf84824d54da0ac98900f09c73f35.jpg,4
561bb2f9fd104a3484ab4bd25897f4d4.jpg,0
644a77af052b4a248f5fcd148a492940.jpg,8
0ef6974c55e3456782932c3c16007a78.jpg,12
550184fb75d448e4afdd8a0e620a83a9.jpg,6
1cae2ecbeb1f49bdaf78aec7293582fd.jpg,13
bb396a86d45a4a5f8a41716a970cf932.jpg,4
fd96ada0b2ac438fab453d90751b71e5.jpg,1
bc51932bc4b44d188c2722e617b2eff9.jpg,0
ddda8e5772004cd3bb56480288df03fd.jpg,12
c3fa5aca03bc46658c8abae3ab8d539b.jpg,14
43f061b504274a689509c5687726d66f.jpg,0
6155c4f1a585418bb81cf51aaa01b9e4.jpg,3
355f4e31c9a04149aa3100bb9428ede0.jpg,8
97a5bdc4b79a496d887b37134c9fdcdd.jpg,14
7fc0067d0b2745a89ef22bfbe62df0b3.jpg,11
f837c85941a948cab590faafa10f07e0.jpg,1
862faa8a352344d88f45f317793a56c1.jpg,6
e288d360dddc4dd19ef672e1e02d8c88.jpg,11
11d51b00384e44e4a807e6d5fd13b9d9.jpg,12
5514488e096c4c398f6badc5fa87d1ae.jpg,13
ab845d6a0056454ca6f5bd548cd37551.jpg,12
7b22cbb5fc524c12b98164fdde347d9c.jpg,1
819a5125d0d34703a1c9d5e8032fd51b.jpg,3
e7e33eea819c4becae90584289f60f5e.jpg,9
87eddd0e4b5a49caa031bbec946e5b86.jpg,4
8670b43a4ff34e7694d27a8e04b00c1d.jpg,12
868c799df6c948ae87f0b1a588de40cf.jpg,9
4cd2eaa964b1462b9811189a123f9e4e.jpg,8
3fa799098eba461689661496bc476357.jpg,0
9263f144941c42268eef172fb35540b2.jpg,8
a9ec0e836e2b4f22885d2e61d82d557b.jpg,5
8742451f72954eb983525dcedcacffe2.jpg,5
da8f9a9334614ab5b3333a91227cff0e.jpg,5
8e5dc12adaa64581b36d69228da748d8.jpg,14
b23e9ad2e057468999f6557e4ddacd2e.jpg,6
b2f8ee6520cf41ac8c38fede282e96a0.jpg,10
316e3b630e894e9eafe2d1d0eeb4748c.jpg,14
54a2357cae34472283d0fdfd43a9f5b0.jpg,13
d81e3f64fe63433aaf6186acb58cef0f.jpg,6
15c3054963d243a8ab70c4a1fe4b307b.jpg,0
5fff5f3f7e864f2590a1ad23d324c868.jpg,6
5fe891f37d8c46c7b071903382e21ce8.jpg,14
b74842f52667491694ef2a444b940758.jpg,10
9199fca7104244f6bab29858b493fafd.jpg,7
bce17b04f4fb405ba3a390ac08da5e8e.jpg,11
f6030bdd398d4d10b418ab8144b7d3ae.jpg,9
97f74983cb664b69963b08f0ff3dd79b.jpg,5
86ae96b1d5e94f66a030706ffff93b3c.jpg,9
172706b494464e46ad976a6cab0fa080.jpg,8
664a95af24b14a6d91c177a301829f43.jpg,4
a6692ff3e2e4471086a75c70aa9643fd.jpg,10
b7f486a806da41d29b2e34ce934617e7.jpg,12
bbe8071aa5244f5d820a893299e00e83.jpg,9
c9b8bb6352ca40869d8df8b7bd40832c.jpg,5
a9165c874f0e489cb258992f7205996c.jpg,1
353587bc99214f29b76e1b19f7c3b130.jpg,13
55bf5dd1298f4db6b0f70828bb7eba01.jpg,4
c4ecd2955c774929ad4063870925d0bb.jpg,1
10f42bb6868b40d5a5e93f9b568f1865.jpg,11
c64a3f6d47b8494187209d6a9f8dd2cf.jpg,13
e2c7df175eee405491109af4b2c98a6a.jpg,13
3bcd16d3f0ab4f38b12eabe6480349c3.jpg,14
f75bbdf4b3b44747ad823a7e5c0af1b7.jpg,8
a22324d1babe47c6afbf6d0c3b42daba.jpg,9
981a066635d64cb7af942deed68e8e10.jpg,14
fd87c250bf6a442795161e2d0884c205.jpg,9
31744a8f91cb42faa3ccb21033bdf6e7.jpg,8
eda5bd009bd1423aa82a407b5bde4cb7.jpg,8
23fe42222d574e86ac483a4cda5ab8c8.jpg,1
f70a08cc115e4217ab3652e8d8fa7d3f.jpg,3
7cf18e68c1e54f728e7e9cb9c2421404.jpg,4
f87f8d5bea9c4310aa1eb2c0c5f0775d.jpg,12
09358386bd054d408da7853cef4c04da.jpg,8
33f481c34bab476499d9d35b7313661e.jpg,11
a9b3efecab824545add157db3732c2ac.jpg,1
a99f179f8ba648a697f2ceed15051d80.jpg,9
afaf1310b7dd45079be47b59d4346f5b.jpg,12
52daac4845c44fbcaf9e0f96685556e6.jpg,0
f18589b6cca1462e8f2b5a0d019f06af.jpg,4
effc2c2061d347c19a19ea95970f857c.jpg,6
35dba25e2d214e9ab5cb7ada7fc076d3.jpg,2
ec3606d2781344b1915b8cea6b074847.jpg,9
f7a20352871c46d3975d0f2232b51000.jpg,8
7eaa2ceb0e3241e5b4f5e5fa4e3b6a20.jpg,1
f27c1fe453244db186318573a3d7ce99.jpg,4
b6b6da60e22c4a65b13cdd5b0e38cce9.jpg,14
3bba03ffde6d430095675f321a6fe38e.jpg,13
6ae6ee2ff1674b2f905753ffd5e2d758.jpg,8
f5553ffdafb1475aa009f10a0699da42.jpg,5
215ce0acdf15457d8ce6e5e4b538a101.jpg,5
164fd79ae7354944a730c8f09a33f33d.jpg,7
bb6efb2e63c843b3bab56a62f71d14be.jpg,3
04182abc57d94ea0adf2a93e87f1377f.jpg,12
8cbf3f83f8a447ea8c5f85b065f20bf3.jpg,1
c032f937fb9a42ec872e7561a7ef3afc.jpg,1
97290286f08d4abaa68a1de2c99bac54.jpg,7
2a6b30296a474e38adc2da4cdf7acc4a.jpg,13
35c522cd11ab4010852fea06d4c54eb8.jpg,14
925a019f80ac4afda5c916acd85a8b5a.jpg,5
b27335d905f14e25ad2b323c4abe08d9.jpg,8
626d65b5485b47518c2dba68cf13d5dd.jpg,14
2e05602f7a0043f3b8f6559baa8ecaff.jpg,11
c48ae814bafd4cd899e42fafd8e71b18.jpg,9
4cf29b4377d44d3d80b4d5b2ac99c68a.jpg,1
0e9680cb60e44e9fbe06deaab94ed3d1.jpg,13
a968a734e5c049bb868d14605872dca0.jpg,1
8d42b2d3cdc549f28d18a91b2fcc6397.jpg,11
b6aeb62f2e7f40a3b8c67f072dbda02e.jpg,11
052d39e968bc4b4298f96a0b00dd4511.jpg,0
c8b7687f520f4a0a90cef7c768662217.jpg,8
86c543e6c0234e668cdceac5ba6090e5.jpg,5
51dead96df5f4538b7c0f603fb16a71c.jpg,14
695e970931c6444e848bb707733b70cf.jpg,8
49799383f5964e08941cd93f96f609dc.jpg,4
b87fe3389108474991038819894fe4f4.jpg,13
718cc432336b4796a73e628127699447.jpg,10
5c69977e54144f24a534ea5065af4b65.jpg,11
6341678274744806bd2bfa04d6ed585d.jpg,1
f6079fb950064995a4377b6b8c60cda3.jpg,8
c06f70b0162a4adeaef983bd9da5b998.jpg,1
64ba31b427ca4a6196a09e53623e90a6.jpg,3
95fac407b2ca4b9c92b99dbc9f54c825.jpg,12
39e9b584dddf444c98c3ac57750c1497.jpg,12
0d9765c93bcc4e0aa55bb9abf978c02e.jpg,0
4ad14e61a1e84ab7a71553fcb8fa799a.jpg,7
94f3cc955fb44a5d863967ada2fadb46.jpg,9
40b8ba251add4cebb2f5ef0a56e9052d.jpg,9
d88cf4fb9e3a41d6baf9debed19b35d1.jpg,12
d4386a7646764200be50ad45f6100587.jpg,11
4bf8b7bfb6bc424884ef5e44c435ae29.jpg,9
9a8db54d7d06405fb4e1ff8f1fc4d19c.jpg,10
fbf27969564c4e9c81b4a11aa558bfd1.jpg,0
0bd1fb1c4fbb42a89708fc37821fae91.jpg,14
cfa4e164301141e885a5e048af4c34ec.jpg,11
fe094373dfc8471fa2cd594f0c540a18.jpg,11
a25e5058883f4b848b3f954d00db5efd.jpg,0
23e3b96a9a6f439b997fb1223d21eea0.jpg,2
3ada99daa5574b5fa2c60bf215c62a9d.jpg,8
2cbb7984fdef46aca1905af2f74dc008.jpg,4
885b31adbde546618280007ad3924251.jpg,10
267577beef5748f49231751bf24f2cb8.jpg,10
6a3538cdeb8b4969bec5964e999fee79.jpg,8
81eb330159eb45f5b3c42407cfc76be2.jpg,1
d4c1b95e6cdf4f42a7b6960e29a466ba.jpg,4
613aa290f8744589a2123939fd29ebf8.jpg,0
1a531de0cddd4b0db72629469868bf32.jpg,12
f515f06134654f17b265b37c2a656279.jpg,10
aba53eee81f74e96be0a4903c49a1138.jpg,8
b1fd53b2cdd2452ba89b0de933197624.jpg,9
7c506f96185b4e5db6f3a03c95f37f62.jpg,3
77acb8f3fadf464c906e2d95eb8ce2ea.jpg,11
261d75e56117400b8318478d348fd334.jpg,11
09d30f8b4cad41ab8374884161c55d65.jpg,5
30c1355bc1e84eaf82cb02c8f1d95c3a.jpg,4
c116959a5b044ddb9d8f6c4f3a5302d9.jpg,0
fc74611844d647d7b7b96c3ee15b44b7.jpg,14
4423175c0da546f6b570a2b36c050443.jpg,1
fb848c84d0ab4b7ebbccce7f6a1a88f9.jpg,4
b673b1872370499da45e9e57a3171d05.jpg,1
ff7b84ae85ec4b6c846b1a8d809027b6.jpg,8
af40482956024f04bec6b48743a06c50.jpg,11
4c82832eaa45496eabe6a68c99f3f335.jpg,13
0687eada036642fea88628a510cbc0b4.jpg,7
bf6f6de99681444fbd734979c467d76b.jpg,10
b7ba974ca76947599d1329b67ecd8b36.jpg,3
62dd373c178740e4b233628ec6293e50.jpg,10
56abfb53188743858800e58c3cad8e65.jpg,2
b55c051211ed4244a0dcfd2c40701452.jpg,1
8505068c893d4366ab544b744556a4ce.jpg,4
c92550909d8344baba1acfc96f4b2b28.jpg,7
0d329841b9ae41879605ec3804dbba5a.jpg,14
b6b88626ebcf45d0b3c644512e64893a.jpg,4
aaa1c0b4ad034c189020c91314cc4008.jpg,11
a1c3dee22dc84cc3a49cd1cdb27846e6.jpg,4
9d404cd956404436a3000b53b3eb536a.jpg,12
d7c660a7fa994c98968aae00d09c4a26.jpg,5
5afb9e234f6141e695ffabfe969788e4.jpg,2
d1ac3637576e428fb1b3a86671d56881.jpg,5
a355930c9a474cb09b59350c7f3d56e1.jpg,12
7a1d723f4a6b4fa19d4ae8dcdb09f259.jpg,13
d662748cab5c4affbb9eed80d6a3ac4d.jpg,10
740f7516f15a48b18e6c5d1ea6168b69.jpg,14
5f80f7160de049dc9271d0e91e09d6f2.jpg,2
997effb9c1a94e168391cd367846b1a3.jpg,12
39c5b45378c140fc9efbda34edc6d9a2.jpg,0
833251cfe9a8407c9919e6987d514f70.jpg,12
296caf9cead24b339f8a7ccc87e563bf.jpg,10
07ca62134fdb4d47a4374550ff5443ea.jpg,4
f09e3ac853d14935a6111645483d4e0b.jpg,2
bdb3494abaad4b7d89748ce94bb08dbc.jpg,5
91cbaff50b714c2ea7bc7b5d6a7407ca.jpg,0
11b45e54b2044b71801e6e561126b45a.jpg,13
cf0c5f44d32b45fa807a619127af0144.jpg,13
1fd7a8b44d7740a2801ad331f5a47847.jpg,11
ba32f886ab154765bbc83a567f0f0460.jpg,14
f64998e12f194da5bf830c65bce649d4.jpg,5
5926c0c10991472fb90d99aeca415ad1.jpg,13
e5bcaf479d8a46e4b4f3fe88d3cb1f79.jpg,9
87cc567dfa5c403cb99a9980d9e3500e.jpg,9
9d33ceb2d36647cb97c368591f356309.jpg,7
9181be0f6fb84b9f9fd652ab5f99c88e.jpg,7
78cf918747a54703a1d1c8f617ff26a7.jpg,13
cebf9cf266ee4bc697a16b00fdea7373.jpg,4
4925193bdd7248248531148f79e4840e.jpg,7
c030309e4faf4064a1d44f7cb6b8c9dd.jpg,2
557acd00c3bf46a196005319ed92a275.jpg,0
6beb4120ff73451680ae55681c605c0f.jpg,3
bdab4fd34337416fbc5b6a4c8360b6cd.jpg,12
f11c3d53c30e471c9d96008b6f33e12b.jpg,4
4dd4cfd60a9b43d19086b26181817b7f.jpg,4
a6c4454436054311b845a299e7324538.jpg,13
487e1def61c44dd2a18543f319643afd.jpg,14
a12055640c96409390a764754b4eb007.jpg,14
7acad7972ee1452090d7ce490a64f58f.jpg,9
a05b157d0d724887971cf94b60c5f79b.jpg,4
56f4d0a1f1534199ad4a756b9ec57734.jpg,13
e76f687b9a504a5897b3f48a40a0fabf.jpg,9
d0886f3cdbb24c4a9b89631edac098b1.jpg,5
2e74980831864078ba9b79dc6007bb85.jpg,7
ca5675b97ae34c40a351a5aee6a1c8a9.jpg,1
6172f17e413f4f27a9c2fef744885edf.jpg,12
afbfe0dfdf974b4d9199318eab3f6154.jpg,8
c3a6fa3b38c548e184baf832d74f58a1.jpg,13
bb85ad64906348788f1d747ce82fc587.jpg,12
ca92addd72c34a7189d2c234527a4e1b.jpg,3
e86b502b17494a2a92a513d0f7fa10ac.jpg,0
b6494982fd9749409619111dd5201546.jpg,12
c88bc28f166c4551a120661454170708.jpg,1
50f98cdccd0c4c19ae6bb8589bb0dd6e.jpg,13
df3c7e53dbb14d8885712180d43994b3.jpg,2
51b512e813fe4a83b217d744877d2538.jpg,12
ecc6ac64ac534dfca4b14b494edc0742.jpg,0
f9a493a0c1f8432da67c29e8d3b9d322.jpg,0
c7ee2995b34849caad5270ff9658b8d5.jpg,12
907e16a949a144a2aae5226eaaf6f644.jpg,1
a1301f9c39d74010918d55fc3f04980a.jpg,14
1e3ec831151046ba982d8055461c880f.jpg,8
2d260facdc9746f79bc95cdce7f4ce3a.jpg,2
62cfe5e4ba5f41cfab86ae88bd5ac931.jpg,4
b6f79fe4e760403db8f5b88ad0eaccf4.jpg,10
748ccae8a51c46889cf66fce124c6abe.jpg,8
f51621303c4a4c1b8357fae098be8b37.jpg,14
5cbcadb2adc14e45a9996782298f5a55.jpg,12
225799ca1a8b4d4b9ee19e0a634111e9.jpg,5
d9a169b85f89401595e827a452fbe411.jpg,12
74822925acf34b6f9c958903ad146a98.jpg,1
6297538280954528b857baf6c9e96558.jpg,9
f3656be6e3e34f9ca4f827fbaf0c4f66.jpg,12
a90225d8cab64176bcd88eb1e5ec8cd4.jpg,14
06b9eaed07a64b579cfc0224485d22a3.jpg,4
a84c72bfa5d24a4a9310037faa1318a5.jpg,10
6005770bd1004b82afffc5183d495f70.jpg,12
8f9be2d6e547497695689db7d8e9d23f.jpg,4
39fe0da6373b4a819648c84803d597e2.jpg,6
0bd6cced9c9f4d56851461cdcf34323a.jpg,0
dabede14bf024f98ba01caec3430a47f.jpg,12
a27bcfdc1510407486d2e94ca9eef21b.jpg,9
4b4f8d6e43444c93a35393c0a3a1dfd9.jpg,9
4bd2b040374141479aabb096e63b06cc.jpg,13
14c3c2135c6546d6889790bc08ad1f0e.jpg,12
80156711c0ae44a88a15062cc8eecb5a.jpg,4
7347f50a3419410e8527dd51f6b594d0.jpg,5
8186b0144bc049ab80d0ab3127492d8a.jpg,12
4142babee16143c8bdcb1bedf0c608d9.jpg,8
3d9dcb941dc84fc7947e38596e8850b9.jpg,10
8bd832ea1b7c450398c56bed840ca2ea.jpg,12
7e8df9a71b454dd5ba7386460ce2b931.jpg,7
c23b0fe4bee14afa9457bbeddb2d13b9.jpg,9
19d842539b3b40158442d879bb8f7d9a.jpg,5
e9ebc27bcc8d4b3ebf32fd6f38656515.jpg,12
34ca5ef660804a7e90fcead504e99fae.jpg,2
c0204c48c74a42118b8b6927e0e416b4.jpg,0
0dba55b5c2fd47c88cd2d432b0087137.jpg,5
a792b61475f74faa8b4cdeb6a0de9607.jpg,0
d993ffcaeefc4301bd8dd6f781a5e392.jpg,0
eccafc7a125748149fe3a0423a6edb98.jpg,5
e50f7fd91dee494e9db580af09c3035a.jpg,0
8b67e184be7446c6876490f5519b5cda.jpg,10
4b1e1496ffdc421abc02dece58b76a27.jpg,11
d7127b61583c411d8183b56062eddd33.jpg,5
1cd53698680b42428496b061c0dcac5c.jpg,13
59eb6499b0784151920149db387d787c.jpg,12
24f4f354b64a4083ad8a26bd86fbe41c.jpg,1
cb58463cf7ad4065a28c2c0dbc4af72a.jpg,14
4b1cae644fc84788b5482378ee187b9f.jpg,0
5847c52a637c4442aab5b93312d867ce.jpg,2
1f63a912c5994329a263acf18ab9a7af.jpg,0
b81b0c150c8e4f39ba48527c96b6da70.jpg,8
6a4891f6f84b430bb18cc728a4eca79a.jpg,8
f01075eed78e49d280742815f6cfe942.jpg,13
d3c190c79e804067a365809103fa8dae.jpg,14
bcad9ed162d4403ba6fa82d49e7ff04f.jpg,1
c32bfc32d73540bd95fb38f54c68b6f3.jpg,4
8db82cefba8f47f6926abf6570f386ab.jpg,4
f2c38a7128684b3cad41a0f6ce488346.jpg,9
4faa4e799daf4e6abb48fddd4f96aac7.jpg,4
bb2e5344adae4662a43cb92c859279a6.jpg,12
5c7e313fa2af4fc78da5b804c017c2f6.jpg,14
47dc7a9958fe4b188f54f9e85f6d8e81.jpg,1
8b8e5c4ebb754f3f9478969eac7d6075.jpg,9
8d03295c7d8e429d8f3d6b1006d39006.jpg,13
236caa374a154df28b367274ef0f51e6.jpg,7
72e89bf7525c408088b7dddd55f5c257.jpg,13
57b3e6277ac84ed880f229e7a63df902.jpg,12
1ddc2be799d745c2b7f081ce6b944882.jpg,14
f4a9ce24089f4eb685eb95c716f5dcbf.jpg,8
172027bf29df4575845384f02d2db5d7.jpg,1
a70dc2d82e0a460e8ce8f1b1a4cc5bc5.jpg,9
32e3097617684736b76e6214c0b3e15d.jpg,11
27dfe6c5be5845f4b9160b131018a52b.jpg,7
31415ba13f214560a55262f2e18f3d79.jpg,7
6ef015b0b61d46b897cb5d143948e129.jpg,1
ef59e5e930f7422c98ce3b1ad912f53b.jpg,14
bbd9c95c97b24b86ad638a13072bf8dc.jpg,13
4732e8e91f0845e5be7a93f28a510399.jpg,11
fb539e051f364e16abfbb9d05b93e3d3.jpg,8
96f36bb6fd034dc7a1d59bccb46c89e8.jpg,8
0189acf13f094be9ae3928a0da424f04.jpg,14
f40feb4de73f458a91482a9e0028fa6e.jpg,4
c090d41f801547d2988c5c36d43ebb8c.jpg,8
2c9f58bcc9b745c98958acb6a178afa4.jpg,1
18151cfc1e5742c0b7cd73e8d062aeeb.jpg,12
5c4d1512a719429faf6d3c78b75d22e6.jpg,14
a9547b0221bc4767a8a313a284b4a260.jpg,4
bf349ef6ef094ece938d6607db6957af.jpg,4
fbb82ec050d847b59a2d109096f88931.jpg,9
ca7e791de44443eb9f86736ca0cb0cf0.jpg,2
09e21739d8d145deb7b74945e31b5ba8.jpg,1
7f4181373bfa455e86bae2f5fcc8ffda.jpg,12
869fc1e17e754b05a38daf197de871c3.jpg,3
0b53795fcfe04877a54110a170e74b31.jpg,0
462362eea546497285fa30f9bc861e67.jpg,14
ecc5cc30d5ac4b77b02857d4dff500c2.jpg,7
f278e290e5b745569fc44aa9929ada11.jpg,12
57d2538bd73a47b9b178670cd7f01249.jpg,13
94cc214d049d45a7b257b4dad3a375d1.jpg,13
5a660ba4a2794d889acb37d2c3ceca4d.jpg,2
839a7893c5fd42d88c6ea3789fad34f1.jpg,13
71939c96ec054b2bb0f2c9fa243f5e41.jpg,10
cfe5214ef70b4c51bff48c6934a9d017.jpg,9
d5ebca985bd3427fa9c6f8c9c50dbd0c.jpg,2
9cfe50060d6e44ccb2f76aefc78da387.jpg,12
b2f2ef37088e4b49aa941b7c8c23f277.jpg,12
5d4e4c67cdf04e498153f367ce7aadb3.jpg,2
835ed106a0664b9e95d440d22edf4331.jpg,12
4f5acf42567b4ae8acd052089d67b62d.jpg,2
1920d64efe7d499db4dac3af332ec26c.jpg,12
1e3cacd8a38c4cb79afa113c6a5550f2.jpg,0
26873f6668b14e8989ccab412e40b368.jpg,8
ab281ff9c59248b6a7ff3df6958c11c2.jpg,1
d3e303fe9bff44eab5ea5e4a59a1ce91.jpg,9
0f3ccbd9aaae4d87bfafac5a625c42f7.jpg,6
f02e38c8ea8c4c7bb2c16bf60762d25c.jpg,8
4f1666ed913c4bc2ba79ebeee689d7a2.jpg,9
4cc27d78afee4bfcb8cee49939f9d42c.jpg,14
255ebe844cfe442c92085402d18b1fd8.jpg,4
f9aedd7017cf4c06bf7c0cfd0ee6b038.jpg,14
9f172581d350427ba20ae06133ad42a3.jpg,0
a09d9c990c7048c8af0f697c04e2931f.jpg,10
27d7dd7c7c414c19ba7ea5bd46fdfe88.jpg,1
1b498a80e67d42d986e480bdcb7fec6d.jpg,12
d192081295f64631996eae8fd77100fc.jpg,4
4341fcc84cec4ba9a6694dfa3f41fa7d.jpg,13
705e1e3857f64440a129b664c8dcd6bb.jpg,5
91393266d72040cabd3d07968f40a662.jpg,0
9b83a75d3c7a4e3a9bb10f8db2b23f5c.jpg,2
cbb6f9c701494d059c658b4de94df167.jpg,0
3e6091b156df4ee5a653e0dcaa17f7f4.jpg,5
cc8e84e7482745589cda76ad2800c906.jpg,5
78db789118bc458a864451442b5f42a2.jpg,8
60befc9247774114863f36f631b12153.jpg,7
a753bd81bed244b6be03a6229d255e38.jpg,2
302d032d017842e09b3fa753b63e2bb3.jpg,12
ddc93bc69a6444889296a09ef3410ef0.jpg,10
22307b09a71145dbbfcb845fb959e797.jpg,12
94eafea238684838a2404d48ad15d85e.jpg,7
9f87aa78f7524bccbaae8e8c5513e7d2.jpg,10
a1d7cf05442a4484b1200fdc374fa9ac.jpg,14
675ef7e2d03e40429c7a1ed056b78292.jpg,9
967f3bb3c4394ee1bec2c6913ddea692.jpg,7
cde5c87560e642f880f352060780e6e9.jpg,11
19845cf00e4e41828dc2358efad40328.jpg,0
b239ce2bfa154c8ea7190714dac5141e.jpg,0
74d8a83933344f44827bd52509e1ea04.jpg,9
8c49271e89454a1998f6d1358b8f3de1.jpg,12
ceb4ddba96c7406a83fc720b7bf1c88f.jpg,11
28a97f55a2dc4d988473ffa31c3dd838.jpg,12
f540c97c8a0a47e8ad42a5054c282373.jpg,8
aa0f0b5e9d064bf6828c2b33d50de457.jpg,10
70cdc79dad8a46f6aac763e17ea444f7.jpg,4
aa02c07e41c64c43b81a81f2d35769f2.jpg,6
419edb5733584ae6b81cdd2d199387a7.jpg,8
933cda010a1c499d9f3bc86264e0b8b1.jpg,14
dc603a74419f4ca4af284e26978e0a67.jpg,13
b16bd574367b4dff85b718c1de40541f.jpg,9
1545ac66d7664e7c823ca66acd1df6ba.jpg,6
1524e5ca1817462e92fef541c96bb8cc.jpg,8
c5ffa6b15c9a45d2bb50e6e360f27970.jpg,9
ed2fe0bb51794eaf8ee367abda26d136.jpg,5
5e22e263317e4a18817d6bf90ec3dcba.jpg,4
84eb5f56183f4daea46fd9361dfb9656.jpg,9
2ceffcdc4b2a4f5a96ed185aef85074a.jpg,8
6494ab776236475bb3dc0e5f85bc538b.jpg,0
2a332884e8074458847142598a0f18aa.jpg,5
35c4dae95e1d4bd2a0bdfc5a0f46501e.jpg,11
06462a905b8f4f4ba29be85d705ee1a7.jpg,2
13adb1cd99ae41e9aa26b98bff6f6485.jpg,2
fca1e59b5e3c459fbc6999d97ce91d18.jpg,4
f526d1a3d27a4b0a867653926ebbb530.jpg,6
9368971baddf4293bf7c86d9059b328f.jpg,1
bd14fdad08334d8bab64116b5ba0e470.jpg,1
eab8ede7b3bf466285bb4597949a31b5.jpg,10
5c9538408e8b4a52a09d869816af192e.jpg,5
8a2299cbfdee413ba2c85bfc36a4193a.jpg,14
c0ef3b9cac0d463b9dca522fcc07b062.jpg,10
063d1d28713146aaa78967c13a15a7ec.jpg,12
8e89fd1df008472981ab7731905a13c3.jpg,9
48c34898895d4ce18ae7c9ec7aa17cb5.jpg,9
be7c8440c40646039d3ae0882ea6f188.jpg,0
530bb27bb12240908e7dbb99d173eda1.jpg,1
e4f63fa1fc124553a4ecf5189c77a344.jpg,5
6fd829d7cdd44a268ef6adb819027b5c.jpg,13
2ef31059e927498d94dce870512a1082.jpg,8
84014017de134ab1a9cc2320fffb0478.jpg,8
91e92d59b712400fbff09cd423935aeb.jpg,5
9d0d722ad06f4fbfabd1220224d6a926.jpg,11
267c00dc648d4439bd8024bf472c6ea6.jpg,4
5576a761828d4d7f94fdc4c0f5065e7e.jpg,0
21683dac68264d4087f524094962dfcf.jpg,0
93d4486c3e474290af6ab61f5c0ee250.jpg,1
389a14d29cad4ae0a1c60bd89fd4c936.jpg,12
8abe32fdb8d84024af295b88be3b7c2c.jpg,13
7c95c04c12a047bbad465730c36084bd.jpg,0
77e43f7259724468aa0873462906524a.jpg,14
096666bd98a64733a554a55ba2215514.jpg,3
8d7dbfd038d142ddb9297683c57b5fe9.jpg,4
7742e3f314de4658a1dc0b9e2ea3e5eb.jpg,5
c710c9d945e64b28b704e68383c6aa4f.jpg,8
042cd66b0818414d9a0fc48e46249121.jpg,4
99bc59549c284219a1159bceac5f84b4.jpg,14
816ac1ed55164e64ae2d78a9824849ed.jpg,1
0914b92c6393406a9eb1bd95507b2de4.jpg,4
5b48c0fe6e674785bc717be03b38ab97.jpg,10
ad0b9b8456984fbe87587f911a68e793.jpg,12
79313f057ce2466bace1d0e3ab46916c.jpg,13
cf719e4c6d994f8d95f79f4e7bd3e613.jpg,14
7deeda97c0714a57a2287f06fd4506a5.jpg,1
e0fcd7f206484a7bb7c97f9ff7d06882.jpg,14
9287c092d10c4612952f78392b55624b.jpg,11
91b005ca1d4d4c488db4da900039f3de.jpg,8
218af380209a4857a5c82c6fe231da50.jpg,1
470cdda5dc3e45adbbbaa820951d8db6.jpg,12
1d2c3e17f7794ac0999187cda3ce82dd.jpg,1
8261e72b688b4383930991a1e6f76d9f.jpg,12
1eab5035e9a54c5ab24c452c60c39fd0.jpg,12
480fa95049f1403c8919cc371140c1b6.jpg,9
b00f9c44d11c4b17984f6fad4bb6f703.jpg,14
ba63b685f4974e569546fe0f5bae8abd.jpg,8
a8d5ba95cf674ed0ab57aa8dedda633c.jpg,13
b60368f710254b419c6d9507a1b5f0c2.jpg,8
418c3651fd7a4aec817623112bb5bfa0.jpg,10
a6cf7cb596884e5a93f27872cee18c97.jpg,12
d5585aa668dc46438b22e3ba3916d53e.jpg,8
894f6fabeb6c4e25bfa51a173a5c8950.jpg,10
effb4b1c3e214423bfa006932442ed48.jpg,2
3278708071b942a59081ef3474441760.jpg,4
bf24ad2be5b1455783f436c7e9df3eab.jpg,0
48f498c9972149e4b20881e2dd15d9e9.jpg,13
5aaa657927b04a2eb28196b86be66e9a.jpg,14
b995d4ef4d444b89ab98b22f9375621a.jpg,14
efe1134f96ad41ed9c278c5b4b9e5656.jpg,5
9708c27d6cb246ee80f8c5bd1ce961f3.jpg,3
a8b06e4ec1a540d598b9a61dab3be0bc.jpg,7
c0b6e08cbdb44cbc90c6f80553c2f0ff.jpg,2
cb26d2cb9d714b39a1d900bec7356f29.jpg,9
7c0bf329736c4ee18c5936fc9d4baeb0.jpg,12
e093060b9808480582d22af18ce4834a.jpg,4
342f314404084ab395ce9d438d699258.jpg,4
75f8262fa850412a97260fef3ba202b8.jpg,1
a73a90b282ae4d96903c2521134037a6.jpg,0
34223341cc5943f7927907b1023fc78e.jpg,13
96e4e4f9dd9a4253afeab8a2381e40e2.jpg,10
296fd322af2e4700aa707e87a7ece7cd.jpg,9
0600f20f3e53483b87e635c30f525445.jpg,5
79b322ebee14452ea625709c649c2042.jpg,5
5b82b61c68da4977a972d99dc5f9672f.jpg,13
0f03d57e5a554eec8ee05cf2492f561f.jpg,11
e4ad989f437e4d97a2732e2d6b845c4c.jpg,0
d7300d8f1bc04e7d83e8bd060fefe6db.jpg,6
01d27333c35347309b0045ae492367f8.jpg,13
aab1e5bce3bb49ba92cc780d814c4d97.jpg,11
9920b0d22e5f4d9e8a21a67e7f2c4d4c.jpg,0
76ac679e50784bd08dab41bbb9de6e11.jpg,13
9db4c41ac6b9470cbee12b8a2835a26a.jpg,9
289ac10b513645bf816e767310f70d13.jpg,3
d95f8fde656c438289632b9a6016d7ae.jpg,7
1f9768b508c3411e9b63d4acd6b8eddc.jpg,6
e3c36414ccfc40fb9b6379e0b46748f8.jpg,8
6b40aae01fb2483489b09c0160130952.jpg,12
d0f5b274ad6f4a38b323cb1a07a7693a.jpg,13
f68fc66504a84e7eb3314075293cdc5d.jpg,7
78f714d7ade14cd4ad274aecb36e2c44.jpg,7
743c1d4aa4a248a6b25f14bf32b27eeb.jpg,8
cb9bef8e469a4406aaffaac2820bc931.jpg,9
6038c64586d046dfa99e57ddc4ee2e04.jpg,11
cebdf1fa239f4d239cef01e65a0b42b9.jpg,5
1eb5c33e8dba45e59ea71dbee3c6867e.jpg,5
771f8a7467d8479b9bfa21b6e8d3f940.jpg,13
c42e66166662492baa1aaa628a592b9a.jpg,4
a40a3d73c1a04ff59ac04dd7d41a1c35.jpg,12
cea973032ef54f48a30511820647900c.jpg,14
a520654dea184f8aa2ce8ca252dde18b.jpg,4
ae58f992bf394835ab3a6ce6777bf04a.jpg,9
f78e6ca732144ca594f73b96d4a515a2.jpg,6
4474c82085c04a5c8076e4d6752073f9.jpg,4
09984a356d8e4284aaba5d35a660aa57.jpg,13
5ed8807f01d945f0950f81aeb0d8e70d.jpg,10
71dad87dac574802b68a4dfc74ca7f15.jpg,10
b831d131f3a04293b583633e2e9d9b42.jpg,4
b23f881da9e841de858583013456f139.jpg,9
3c51b377ec2c40929dbfc4faa298dc57.jpg,12
285b7e7738964a49be77267b0b5d6e16.jpg,10
8ad77a55d7824278b869d5679c23f3bf.jpg,10
97fa438facbe48138e69c6f5df739fdb.jpg,0
0eae145f9f894dc1bd7a39157d0675c4.jpg,11
2cd5401e584f4ea9828723824007f2af.jpg,7
c8d3c333d3a04ade86f954962fff4b1b.jpg,4
40c065959dd44d489b4d3f520b5252fe.jpg,7
e560616a98ad44b3a1e1c28f10ee8b7a.jpg,5
d8367874de0148f8a65615241e340a87.jpg,1
4978caabf08f4ea99815f2d3932657af.jpg,0
d118e24fed4f459b879247ad57312112.jpg,3
45b599957df4444b9398f0a9b6f6c439.jpg,13
2aaa9eea22d5488dbef2f72f8bcd9c53.jpg,10
e8aaab2fa2dd4299af17384cf8992708.jpg,0
057e855013504d18b5809714b230020e.jpg,1
c8c14dc9e77e43e8b0c60e5e4657e64f.jpg,9
a45daace3ead4a35baca4506439784c5.jpg,4
ad98ddcafb3a4b879bd8c52164bfae70.jpg,1
6d734a536027457db5275aa812eeed3d.jpg,2
febebf85d6a94c71b7c4a76c6ba80722.jpg,1
9b0a64cb71a148c68f8e3ac7f7695cf8.jpg,10
78e6e0725f5f4bb6b2902af4c29c5a6b.jpg,11
411b0924bca0427980a76f0beeae1a48.jpg,14
d46be527443348ff91f6d0e97e0ece43.jpg,5
f877c0038c4a49fbbf5bb0a487e2ae3d.jpg,4
ab99f320625f407585bb803227be0f26.jpg,13
e432ce720e064d7285443823214cf267.jpg,13
ef731a6249dc40d5af53f5eb51c9574f.jpg,13
c1c97150965247dfa0268f0d09bd6ca4.jpg,8
b87b402c5a3f4a80b9879d391da80c9a.jpg,1
db70a81660804ae880ac9a2ca4ebd4ab.jpg,0
d3a24106a59f4333bc40a6cfe394027c.jpg,4
a65ae56feac64cc8b19ebdd674db21c7.jpg,2
4b83e55cab8b476bbc5168c90a2f0f35.jpg,7
01cb2dd2324c4bcf811311f2b80ce4ee.jpg,5
9b88545b1db14e1891b1657e867488f6.jpg,11
3f2ff40f9e884a4993da5f5be1f1ddf5.jpg,7
6d0677e23db64070b41e574297e5d641.jpg,1
37552e8a4d674cc4a66fef736e2f0d31.jpg,14
85d79f53f9ea49dcb8490f785f5afc72.jpg,9
0ce6865a6eb04abe850f4b3fc7baa5ea.jpg,12
bc4157647f5c4fe6b3f2ae742f1dade0.jpg,13
a9fa9b76c6084864a7833473e8115140.jpg,14
dcb612b133674eeb8be3034fa6eea2e5.jpg,11
2764b90e98914e5ab48fe78a3be9b209.jpg,0
ef919d5ee2eb49c5abd162eb8ae53725.jpg,11
441162016bdd4cd1aecedc087abe7756.jpg,1
ebc365ad9f364b6983e9cab2bad5a357.jpg,9
ba4378bfc20249468230e0b320542179.jpg,12
833f891f16b5433da35bcd5d6c78e38f.jpg,14
e68f6518691c478686c1144c978ac6de.jpg,12
db9d874728d64d37a03d63981be9d9a6.jpg,13
6dc8f23c25d6437b961806445b52938b.jpg,11
d91050de3709460886cef106b3450e84.jpg,0
85c209963abc4440855b8fac735a30ba.jpg,14
693851f3f557480980aee847a3fcdfa7.jpg,11
a56e396d49a44785ba72086d55252a24.jpg,6
8b6430b11d2f44d888d3d9afd1cf162e.jpg,4
85e08fe89d6b4990b760fd203ba2b056.jpg,1
a9be56fba39c45d2ae120b4d83774ba3.jpg,9
58e20976dc1b48208333935e60df3450.jpg,12
2a1f36790a93447cbaa371007c645c91.jpg,13
1c77300c80614749bb630aa6830edfec.jpg,14
c801e1eeeeb44331b56da31b8e90c796.jpg,14
f1f17aeb05ce45bfa5bb5c333f16df7a.jpg,14
2e5a5c04ac6a422b990d5f64d269dce5.jpg,12
5efa63c9ce7f4fd28f957a98f82c351f.jpg,7
887bec89cf484ba0ab2cb2206370a26f.jpg,9
168e3f4e62ee49f78fcb70abb0eaeb2b.jpg,10
e681fadd12fc4d41a8e7c59b111a76d5.jpg,9
a5863cf528454a51bf12c29bc12aa661.jpg,1
00068bff986746d78eb3851ffabfe7cb.jpg,1
c8b6e4f1bc164ac38799ed85b07ee583.jpg,11
1530fdc4a36f4fd895f6213f7512a542.jpg,10
b925ed20e5654f94a89f32eaaa8ea080.jpg,10
15dbe4527abe40f295debb4bfbae8547.jpg,13
8e4d31a611ac4289973e8fd3f38071eb.jpg,14
820a559aae1145988486b251063ff671.jpg,10
e63cf23e7ee849e4ad364650b64bd0ca.jpg,11
d999258259284ed3bdd0f168547c2ab5.jpg,4
0a34393d188e4a81a96e162308da419b.jpg,2
fec2021896204027a4a0d7788ab46a2b.jpg,1
065b103046d348809160027cfc905c98.jpg,6
bf0961dadd39495cbf2509849e5de289.jpg,11
4ec9cb43db414afbae105abab23f55ac.jpg,0
f0e65657feb0479793d904d086a3b4e5.jpg,5
f0e10ac4ef3c462f8b5c73d7651af3ce.jpg,8
e6d80cf9cda4492ca9d47ed23c7c4468.jpg,11
d0aa3986caf949e8bc3b1cf39cc8b9fc.jpg,8
a86a8a7518ed4ae9ab3bb9463bd81f6a.jpg,4
9da96d0949e541e2bd8cf87ce85166b9.jpg,7
fa588e525dd24c20ba79196864326b5d.jpg,10
36bbcbaab9224fc2ae8a735a8bbc8b18.jpg,3
6bff45ae21374f8881789de75e835062.jpg,6
43871f2c8cd4471ba9e08d669ac1e458.jpg,9
0e6fec21ed8e40a6a1c8830b72c1e78f.jpg,5
f4c5a05f235244418f68761b33789f04.jpg,1
2f035c1d0eae4051b276b2fde4db40cb.jpg,0
965139b2220f470d9e1292ba7f8cd23c.jpg,1
1dbb8316cf4c452092d783132ec539ae.jpg,13
e879312617c34504aa53f97e26ff1e27.jpg,0
eb51fb715f01496c83fe9688c88290ed.jpg,0
774ae62a06784a01965f8a1d7c37c466.jpg,0
fd30b6cc04db411fbe308b8a6019af47.jpg,2
ac0baa7f6b714b619a89e3896b10a330.jpg,5
d2b067c4133b43628a390a2c41f0131d.jpg,9
83cd64b4b63447a38ade3776deb17053.jpg,2
32da1103d2704c91a3405440bc2efb36.jpg,0
9ca2ecc825364002a0bd312045224055.jpg,6
a24eb79637a2414b9dd73bd85ab840ad.jpg,0
a4023eec67bb4ca3b378c7aad7f8e6e5.jpg,0
4814aa2166c648bd8457b30260526067.jpg,5
905d6f723f4d41c886ce2ad8539a3ef3.jpg,4
02f9ff1131be44ba930a921de2716b12.jpg,13
fe4b4ff8111c4d73b084a67e9a3d6b03.jpg,5
08bf06612e014d1ea4750f0c00d3381f.jpg,7
8157f57b6aee4a988519a798e043c7a4.jpg,11
24109650c97340d981fc9325cc502f33.jpg,4
23c5c09bb49946a69cfd774b4431a599.jpg,5
3ff822541dcf4dc2b8c3e38f918ede1c.jpg,4
ccbdfb0dc419434faecff8b00aaff82f.jpg,8
828c1bf80c6e4eb3a846d4e2a96758c1.jpg,12
ef921272713b46ebba09b47b2148f082.jpg,7
b7692e81010f43ce9863a1aeaf4fd2e3.jpg,5
6e1038eb18d04a428f6fed9b979de59f.jpg,0
801df02a54a44c1ea582c3f35867158f.jpg,3
171d2ca6a71f4d04a84263bc5db6b626.jpg,10
8535b4cbf4b54a87a35d5ebc8414cc33.jpg,0
b712b48205ee4fcd88d31c35523115cb.jpg,8
bd4b5d37f01b4f88969a76ca410e5a2e.jpg,8
cc23abe09e8942b6bea7fbfbe8ed53f0.jpg,0
0269c28b88514dd8a0465678eb502cea.jpg,8
f39737ec39ed49fba8aecc4eebcc41a6.jpg,3
e1d0d2d950c844d6951a0cf055048d6f.jpg,11
784242059f674a6490b91a860fa3f0ae.jpg,14
ea03b205728f403f8bda40b2e19126af.jpg,14
db1d94c4a441481ab6907aa8f1aa81e2.jpg,0
e27c39414ef94bbbbd887d67dc733100.jpg,1
1f4cdc237a404822bfa0c8cd8072af9d.jpg,10
3a966bac72f94e1599eab96cc5e496bd.jpg,4
073c79c426f840cd95eeb3b133dc8797.jpg,5
680dd8b9a41045e5b0cdccdf558a7be9.jpg,8
0c2ac67e0b414468b4667c88f2a88406.jpg,9
dc9013d9a91344788517f1288ef6a2af.jpg,1
3b8ddccef8bf4c83b62fc343ee797b8e.jpg,12
d6b7e5a3813d41019a41656919dccfb0.jpg,7
cd911140dfdd46e9abd04e25fc6b9366.jpg,11
13add69a6aee4111b1ea69e688c3a649.jpg,5
31fd8283fe3a40efa31b8813804aeb4b.jpg,5
23f00054f8b74fbd80be7a59795e4dbf.jpg,1
5da01354cd2b4edb946d859eff402338.jpg,0
d05e3ba5cb17417aa20f2f5f29c8f32e.jpg,12
f7b9a361cfb24e2684b73b5437d291ef.jpg,8
879e2e3fe35f47e8a10c55459990e119.jpg,12
ce6f73e83dd44df1b24d75de30231eaa.jpg,9
2a1a43989fc8431688b816399b2c3d27.jpg,10
4a4d83126e4646988046b53a8d2e1022.jpg,11
339952a9d18540458fd97a4f61512011.jpg,9
a171d6f4f6304bd5bce9efae069660d4.jpg,8
de3be5b02aac402584a35261364d731d.jpg,14
9719e641f2194442a5a6ccb1c0c28569.jpg,0
6548712419cb461f84242bcb9ef5234c.jpg,11
513114ea119043b9a6c3857a9b7b0757.jpg,14
7bea9329f4de4f1a92038a294a500efd.jpg,12
a9488fa1a85645448ee4df486744e04f.jpg,4
66241ff6382c432f83f54467dcbec1fa.jpg,1
b297ef0a0897426a89224b619c2060ea.jpg,1
755d4ae617374620bcbd4616e441d299.jpg,4
7b62ba4036574bda86b16d383ae43ba8.jpg,9
4e7a278d8f71402ba4eddece20d36750.jpg,9
4a0b3e15d7f8479f91b92f48eaca6414.jpg,0
b878a65e4e774f0eb65f0d35dd3a2b99.jpg,10
3034b2f6538c48bca4de5b1fc888769a.jpg,5
0560c03c63fe4b96a96f04482ce3749f.jpg,14
0f3e18fbcb244c3e8bf251a2a8bf9219.jpg,0
1782bf59ca9b475c83fd4bae40046168.jpg,0
6897c9cd012c4da1bc8e6388698f35f9.jpg,6
b44dc5f449304c8d93122e1a5bb4e7eb.jpg,13
34c84884b54a475b8406c8e93239f27f.jpg,4
b61e110315534d7da5badd4d178c42b2.jpg,11
b534452717434ae593f614a332cfec18.jpg,6
e84b6c2b21804d3e8d47cf027d8749ae.jpg,8
8f7e904506734afcb64f3437bde468fe.jpg,12
1d7b1ca02a3247d9901419069522dbc0.jpg,13
50cd898e12c14e93890dadbb51ffb6d7.jpg,6
d00014ffb195416abaff984179e56dd8.jpg,11
8a6707e392bc453b8e00120e0d8df361.jpg,6
c8cf2b00b4314abf96c975fbe4d417ae.jpg,0
d0ffd8ebd6214b0eb2d9f0ebc9d08e1f.jpg,3
48970725ab67415aab658e21bdb6c731.jpg,10
5193740e035a4bfc9c937b3d0b0c9123.jpg,7
64d8bd5435e843b8b93da6f3d876a91e.jpg,1
35376900891240bdb495b818ac86d11a.jpg,11
8111610c525d42cfb4db1813150b6b59.jpg,5
f538b177f24d4826b733365226d1410c.jpg,12
4c9da9923f15420b86c754eac071f14d.jpg,7
48bf7eff2b9e447dad8d878aed7e3e0d.jpg,0
4b27908fea0540b88fef273aa66b1bcc.jpg,8
85c2f5b9d4564c8680e8c9a59a5d937f.jpg,5
2405fb5a81554c8e8d5e0d419192b91d.jpg,5
8ebb0d19b4544cb1b8f7fd0f69429677.jpg,1
64120dd08dd548209d8d158629b55ece.jpg,5
786f933960fc43579b6beb5c92d6e3b9.jpg,13
23e159ec6aac4fb990b359154683267a.jpg,7
5b849ec4a2964d9f88b75e10e294e192.jpg,0
63ed51a332a741e0ad348973c113b535.jpg,5
b43d6dfca7f74c68b0f2bc8ebbf1bbcc.jpg,4
7dbac1bf10624e9a8cc1784a927212c6.jpg,4
5f1805c0569c41e780c61f6825c021a5.jpg,8
f2cb88e517f543ea92e23ba5796355ff.jpg,2
e9c92400f3734b0a9d317e0eeaad2e41.jpg,8
363feb82f3474ad9b744ff0e95cbb867.jpg,1
335762c234ff41b3949b4c7a7997bcbd.jpg,14
120f3e36769d4f30af5b27c68ec19763.jpg,12
aa8c0e6f369347db97f38605377fb5de.jpg,11
c014006f4b8e404781ffc67322aae487.jpg,4
826670b64d104b73b7a4861d0112fed5.jpg,12
33de063a5fab4e0f85704c17e9a7db7e.jpg,8
27431205f018464b8c2b605a2fc340cf.jpg,4
ae311a7200b049839ead8d2c78ded70c.jpg,0
811f92c980704ad2a9a32691df68376b.jpg,4
a67a486cb22b4040a0fe382e2bd01613.jpg,11
e081948ec64d498581aab0bc27ebe9a6.jpg,2
852bc7c61e1f422185990df466589331.jpg,7
783771c14fb34dbaafa992d07df1e0bc.jpg,3
a51ac39b5a6a43d69d2d980223015db7.jpg,13
aca5a9697470477382ad723dcf2d1d7c.jpg,12
8ada5097986f401b81e14b8c93dae913.jpg,13
be4d3f1252f34cc0a21a72733b47e1e7.jpg,5
dda0144644774ee5bd3e30ca5d5bdaff.jpg,4
e940f47484fa4914b719fa2f009ca857.jpg,5
b9802ba389dd4abdb5c26b3a01eb5576.jpg,11
2817f6892b774b27a706134e3e18ff9a.jpg,9
702992f2fd5b4d65afc2876d56d22cba.jpg,0
074807d53eae4c79861756d9797c05ca.jpg,9
bf840738d91f4861ab0f1ee289246b4b.jpg,4
129bef7d027f41fe8bd7e60371b9519e.jpg,7
d4544301011f425db4f036c240b21674.jpg,5
36a91734d53e4527aab48567bfd1417e.jpg,7
6d317731618e4728a30db6cc90e1d5b7.jpg,4
7b62a84585c248e49e1038f2798b43a2.jpg,13
bae5fd6d5f774f87838efe59eec3625a.jpg,11
0e11830a6fc54587972c53a039d5a069.jpg,1
bf085c79beeb40f78411c6d617a344c8.jpg,14
3850782dbe8d4eec8774ab7d3059f235.jpg,7
1a2837e6c1304dafa6e05b5d67542b40.jpg,7
e3e0580bce2c41268679fe4749fff403.jpg,14
ca9e9ddad6aa4f09a8c8a60704ee4163.jpg,5
c9397c3394634b61b70081452c873b91.jpg,2
a00fc8e044fb4829adc487ad997849b7.jpg,1
48005b47fffc4dfaab97e1b66e5f5643.jpg,9
442163b2bdce442395ab1d37f675d705.jpg,3
b3698a10100f44dfaac84f6569318054.jpg,1
0619f432e9e84141a3a197971fece74f.jpg,0
416b37b83e1245babc21c97813474f82.jpg,13
21cf83a03ae6407bac7240af5234a3f6.jpg,12
1717a454e7ff4e5f9191f67a9b4cf5a2.jpg,12
69e2714750014a3b8d185dbef767849f.jpg,14
b0dbb9ced03841f0b4077a80c4850250.jpg,12
9674a3e5c135490ca9da45a4dbeca24d.jpg,13
424ecb8834234aceb0be6d7bcd8ea4c6.jpg,13
7d231848da01461e896ffd9c226a5427.jpg,3
0d0d37b00fbf40d08e05f38051a24782.jpg,8
24f6edd834744751926c2c38a2967dbe.jpg,13
27855296b93c41bead1ad174489ec785.jpg,11
834280036cd84105b52229bb961c0e97.jpg,12
892cf2d234ab4316b051dae77aa0380d.jpg,11
d09227247f014c57874f94c26c601af2.jpg,12
d2d0a12a14a74a5db8544fbf9b02fb7a.jpg,4
bc35b23dce7c434da49aabf2dc5ba57d.jpg,0
8683c9021387467a8757ac378379c8e7.jpg,5
8e2444ddc69e48eebd237a1a190de39d.jpg,2
a26d99d6750f4dc598f8b92cffca4348.jpg,6
b4a4997094ae418f9dce02fcf02dd428.jpg,0
acbf89a03fee4eb58dd631465dc8daba.jpg,8
65aafad3ff5b438fa98d28ded06fb770.jpg,9
6a0223d6755f419eb9bd30647eb6f2c5.jpg,3
35ba6ee0dda14310babd847cdec6147b.jpg,5
64fadf0080144d418d21cee61650fded.jpg,9
5b9973944690487c84be07aadaac24f1.jpg,5
c233ac51130345cbb8f82cd61a747f7c.jpg,7
63ea4f0578c147bd9b74331e1c2d60c1.jpg,3
5cfeea0f1d8d4a86b6dfdb7910dea226.jpg,2
b417444dd5814902a7482dffb6bf11e3.jpg,0
a162d174cbce4c079fce70a5febd5722.jpg,8
071e85b36a2e48a2b903a578c5d12703.jpg,12
7a8fe448f7f4483a9ea710bdc8151670.jpg,4
96a885832a1440788368b9cd31002324.jpg,5
e0e1d157e0b340babf2c0d6f78d094ff.jpg,8
240aef411a9a40a19d3dd1e8ae7d2df8.jpg,0
ee3bf8050c094ef2b10fd21e922af9cd.jpg,14
01c365ac8a3541f58cb79555c9acc129.jpg,8
ef2572ab3b3c472fae7c47f4b1c25906.jpg,1
b41b7f7cdc6e47e4bfc6c2605b7b2f06.jpg,9
8406e9e8984b47b687841edcd6a169c8.jpg,4
80139bf76f774a0db2924881b14b5d58.jpg,9
28334dbe6fcc49f5baaecc8d589c52e2.jpg,14
0e8fe0600402460c8a97a648da8ae2aa.jpg,3
427f1f9f1e8f419ebe5de857a55d29f7.jpg,1
0c5a223e04cd419f9d614099615a0359.jpg,12
ae65be0169404ed6aee170196fb7e409.jpg,13
8cce655f9aac4385aae94a6298fd4931.jpg,0
a7448ae408174ae8a53849db52014e81.jpg,8
c24b2c6870194a27a6e9442c04e4be11.jpg,10
2ceced26fdeb465ca364746b7db00eb3.jpg,9
5f61b815c459467ebc2b8a1220faceb3.jpg,8
74a1def8c8694de7b306f01514247c70.jpg,6
305f326cb9704902b6d22df96f6bdb5e.jpg,4
eb0b04da503349388c6b0fb469c1bf76.jpg,8
08293d08245b4dd9999d320bbeedb22d.jpg,1
f33ec958ddad4d9b978cdf5c4aa6cc59.jpg,0
b0e64728f2c441c0a92b4fca05a44865.jpg,0
9b37c247bc2b450d9596ec86cd056af8.jpg,5
f7b2bf15b0be4665b0d8bb59b307ab72.jpg,13
05d8f5b9976e4b88814c743ca3999472.jpg,5
f3115be6a1314a2b9892c04292285240.jpg,0
e6c7dfed7c494f5e8261a761be1a4b57.jpg,5
7b2dfe838f2f4151b2efe96f07ea40a1.jpg,4
d6d21b29525d4e5ca7422a79ec17b5b3.jpg,10
f1ad5f406f4e4e408166590f3359e513.jpg,11
2b4cf5e66a3243998e448e65c171e01a.jpg,14
660f61ebdcb9426d865f104b7f4817c4.jpg,11
cfd05c76bf8948dab818d8fb42be96a5.jpg,7
d7d2fea4c790464180e7bae7044a4a74.jpg,4
b091de33e5d44ef29cac6e2c4797f1c8.jpg,14
c4c0e64357f44f9da63073af3a1558d0.jpg,11
3e665e940012486ca5ad54cc97822c71.jpg,0
8dc65663ee5441c68fb567285de4e0f5.jpg,9
6f9f49bedcdc44e0a190d6570eeb61ac.jpg,9
9a1999a8b586426eba4b3151c3e748cd.jpg,4
f3392262971044bdb89a0b9714b4938f.jpg,9
626a9bea9d674432a3abd98099f17241.jpg,1
57700913fea041b8a3284c4303cae557.jpg,0
22ea640be96e4cca923a407db4341443.jpg,0
496ba71c81064275ba86e20413ad9bfb.jpg,0
c8dbafe7bdaf4bb998416cfcdd338b7b.jpg,4
70e8142705684e49b80d1b8e717376ef.jpg,1
0238c499747d48a69969d9989db0e273.jpg,3
3ef2df11512047f3a0407aacd9bc41ab.jpg,5
43d3e51ef7654631ac5fd8dc58169b5c.jpg,13
7288f0a0b8244c0c80766b702cf6552d.jpg,4
f83052115afc43af8370a97c7a6bb976.jpg,3
